Timestamp,Minute_Of_Day,Light_Intensity,Temperature,Humidity,LED_On,Plant_Health_Status
2024-04-01 06:00:00,360,118,19.0,82.7,1,High Stress
2024-04-01 06:15:00,375,100,20.4,78.7,1,High Stress
2024-04-01 06:30:00,390,100,21.6,82.3,0,High Stress
2024-04-01 06:45:00,405,100,20.5,83.8,1,High Stress
2024-04-01 07:00:00,420,100,21.4,77.7,1,High Stress
2024-04-01 07:15:00,435,100,22.6,83.4,0,High Stress
2024-04-01 07:30:00,450,145,23.3,76.0,1,High Stress
2024-04-01 07:45:00,465,100,21.9,76.1,0,High Stress
2024-04-01 08:00:00,480,161,23.7,83.5,0,High Stress
2024-04-01 08:15:00,495,119,22.3,81.0,0,High Stress
2024-04-01 08:30:00,510,227,23.3,82.3,0,High Stress
2024-04-01 08:45:00,525,326,22.2,80.8,0,High Stress
2024-04-01 09:00:00,540,357,24.9,79.6,0,Moderate Stress
2024-04-01 09:15:00,555,347,23.3,80.8,0,High Stress
2024-04-01 09:30:00,570,492,23.8,79.1,0,Moderate Stress
2024-04-01 09:45:00,585,333,25.6,71.6,0,High Stress
2024-04-01 10:00:00,600,572,25.8,76.3,0,Moderate Stress
2024-04-01 10:15:00,615,630,25.4,71.5,0,Healthy
2024-04-01 10:30:00,630,423,25.6,72.5,0,Moderate Stress
2024-04-01 10:45:00,645,662,24.4,73.3,0,Healthy
2024-04-01 11:00:00,660,760,24.7,74.8,0,Healthy
2024-04-01 11:15:00,675,881,24.3,82.8,0,Healthy
2024-04-01 11:30:00,690,744,25.9,79.8,0,Healthy
2024-04-01 11:45:00,705,1178,24.6,78.2,0,Healthy
2024-04-01 12:00:00,720,964,24.6,75.0,0,Healthy
2024-04-01 12:15:00,735,969,25.4,80.6,1,Healthy
2024-04-01 12:30:00,750,862,24.0,82.7,0,Healthy
2024-04-01 12:45:00,765,733,25.3,76.9,0,Healthy
2024-04-01 13:00:00,780,806,25.3,78.2,0,Healthy
2024-04-01 13:15:00,795,580,23.7,83.8,0,Moderate Stress
2024-04-01 13:30:00,810,682,25.5,78.4,0,Healthy
2024-04-01 13:45:00,825,752,23.5,83.4,0,Healthy
2024-04-01 14:00:00,840,592,24.6,71.0,0,Moderate Stress
2024-04-01 14:15:00,855,183,25.3,76.6,0,High Stress
2024-04-01 14:30:00,870,411,23.7,76.6,0,Moderate Stress
2024-04-01 14:45:00,885,325,24.6,75.0,0,High Stress
2024-04-01 15:00:00,900,324,22.3,80.1,0,High Stress
2024-04-01 15:15:00,915,253,24.1,73.8,0,High Stress
2024-04-01 15:30:00,930,100,24.4,75.3,0,High Stress
2024-04-01 15:45:00,945,100,21.7,77.8,1,High Stress
2024-04-01 16:00:00,960,135,22.7,81.7,0,High Stress
2024-04-01 16:15:00,975,100,23.2,76.7,1,High Stress
2024-04-01 16:30:00,990,100,23.3,74.1,0,High Stress
2024-04-01 16:45:00,1005,100,20.2,84.2,1,High Stress
2024-04-01 17:00:00,1020,100,21.0,77.3,1,High Stress
2024-04-01 17:15:00,1035,100,21.0,84.9,1,High Stress
2024-04-01 17:30:00,1050,100,21.7,82.0,1,High Stress
2024-04-01 17:45:00,1065,100,20.0,86.6,1,High Stress
2024-04-02 06:00:00,360,100,18.8,83.6,1,High Stress
2024-04-02 06:15:00,375,100,21.7,75.1,0,High Stress
2024-04-02 06:30:00,390,100,20.3,85.8,1,High Stress
2024-04-02 06:45:00,405,100,21.3,85.1,1,High Stress
2024-04-02 07:00:00,420,100,22.1,82.8,0,High Stress
2024-04-02 07:15:00,435,100,23.1,77.1,0,High Stress
2024-04-02 07:30:00,450,163,21.4,77.5,1,High Stress
2024-04-02 07:45:00,465,100,21.4,86.0,0,High Stress
2024-04-02 08:00:00,480,120,22.1,74.5,0,High Stress
2024-04-02 08:15:00,495,100,24.2,75.2,0,High Stress
2024-04-02 08:30:00,510,201,23.6,82.5,0,High Stress
2024-04-02 08:45:00,525,202,22.3,75.7,0,High Stress
2024-04-02 09:00:00,540,319,23.6,74.4,0,High Stress
2024-04-02 09:15:00,555,301,23.6,81.5,0,High Stress
2024-04-02 09:30:00,570,360,23.0,82.7,0,Moderate Stress
2024-04-02 09:45:00,585,494,23.1,74.1,1,Moderate Stress
2024-04-02 10:00:00,600,392,25.4,70.1,0,Moderate Stress
2024-04-02 10:15:00,615,541,25.5,81.4,0,Moderate Stress
2024-04-02 10:30:00,630,618,25.8,80.5,0,Healthy
2024-04-02 10:45:00,645,988,25.7,75.7,0,Healthy
2024-04-02 11:00:00,660,799,25.8,80.4,0,Healthy
2024-04-02 11:15:00,675,515,25.9,76.7,0,Moderate Stress
2024-04-02 11:30:00,690,1076,26.4,72.8,0,Healthy
2024-04-02 11:45:00,705,844,24.6,74.8,0,Healthy
2024-04-02 12:00:00,720,877,23.7,80.7,0,Healthy
2024-04-02 12:15:00,735,1135,24.3,79.4,0,Healthy
2024-04-02 12:30:00,750,818,25.2,71.2,0,Healthy
2024-04-02 12:45:00,765,1044,25.8,77.8,0,Healthy
2024-04-02 13:00:00,780,341,23.5,76.3,0,High Stress
2024-04-02 13:15:00,795,859,25.3,78.3,1,Healthy
2024-04-02 13:30:00,810,348,24.4,73.2,0,High Stress
2024-04-02 13:45:00,825,927,23.7,72.8,0,Healthy
2024-04-02 14:00:00,840,361,24.3,76.4,0,Moderate Stress
2024-04-02 14:15:00,855,389,24.3,75.1,0,Moderate Stress
2024-04-02 14:30:00,870,508,24.9,70.7,0,Moderate Stress
2024-04-02 14:45:00,885,427,23.5,72.2,0,Moderate Stress
2024-04-02 15:00:00,900,245,22.2,78.6,0,High Stress
2024-04-02 15:15:00,915,197,24.3,72.3,0,High Stress
2024-04-02 15:30:00,930,256,22.2,83.7,0,High Stress
2024-04-02 15:45:00,945,168,22.1,79.6,0,High Stress
2024-04-02 16:00:00,960,200,21.8,84.6,1,High Stress
2024-04-02 16:15:00,975,172,23.3,73.5,0,High Stress
2024-04-02 16:30:00,990,100,21.3,86.1,1,High Stress
2024-04-02 16:45:00,1005,115,20.2,82.0,1,High Stress
2024-04-02 17:00:00,1020,100,20.1,77.7,1,High Stress
2024-04-02 17:15:00,1035,100,22.3,83.0,0,High Stress
2024-04-02 17:30:00,1050,100,20.9,78.6,1,High Stress
2024-04-02 17:45:00,1065,100,20.9,77.8,1,High Stress
2024-04-03 06:00:00,360,100,19.2,78.4,1,High Stress
2024-04-03 06:15:00,375,100,19.1,86.6,1,High Stress
2024-04-03 06:30:00,390,100,21.6,83.6,1,High Stress
2024-04-03 06:45:00,405,100,20.3,76.3,1,High Stress
2024-04-03 07:00:00,420,100,22.4,77.0,0,High Stress
2024-04-03 07:15:00,435,100,21.6,85.9,1,High Stress
2024-04-03 07:30:00,450,100,22.7,80.5,0,High Stress
2024-04-03 07:45:00,465,100,22.5,80.5,0,High Stress
2024-04-03 08:00:00,480,102,22.2,81.7,0,High Stress
2024-04-03 08:15:00,495,163,22.8,80.5,0,High Stress
2024-04-03 08:30:00,510,239,21.8,85.0,0,High Stress
2024-04-03 08:45:00,525,266,23.0,80.1,0,High Stress
2024-04-03 09:00:00,540,412,22.8,80.8,0,Moderate Stress
2024-04-03 09:15:00,555,398,22.8,81.7,0,Moderate Stress
2024-04-03 09:30:00,570,385,23.6,74.6,0,Moderate Stress
2024-04-03 09:45:00,585,478,24.1,75.4,0,Moderate Stress
2024-04-03 10:00:00,600,585,25.5,74.5,0,Moderate Stress
2024-04-03 10:15:00,615,687,25.1,72.1,0,Healthy
2024-04-03 10:30:00,630,298,25.6,78.2,0,High Stress
2024-04-03 10:45:00,645,816,23.8,72.3,0,Healthy
2024-04-03 11:00:00,660,913,25.1,76.7,0,Healthy
2024-04-03 11:15:00,675,767,25.5,71.8,0,Healthy
2024-04-03 11:30:00,690,997,25.4,74.1,0,Healthy
2024-04-03 11:45:00,705,822,23.8,73.3,0,Healthy
2024-04-03 12:00:00,720,1021,24.4,82.4,0,Healthy
2024-04-03 12:15:00,735,916,24.1,78.1,0,Healthy
2024-04-03 12:30:00,750,1066,24.3,73.6,0,Healthy
2024-04-03 12:45:00,765,738,25.2,81.0,0,Healthy
2024-04-03 13:00:00,780,866,23.9,78.3,0,Healthy
2024-04-03 13:15:00,795,827,25.6,80.8,0,Healthy
2024-04-03 13:30:00,810,766,24.6,80.3,1,Healthy
2024-04-03 13:45:00,825,753,23.3,79.7,0,Healthy
2024-04-03 14:00:00,840,680,25.2,78.2,0,Healthy
2024-04-03 14:15:00,855,489,25.3,75.6,0,Moderate Stress
2024-04-03 14:30:00,870,388,24.4,71.8,0,Moderate Stress
2024-04-03 14:45:00,885,286,23.2,77.8,0,High Stress
2024-04-03 15:00:00,900,209,25.0,74.4,1,High Stress
2024-04-03 15:15:00,915,268,24.8,72.4,0,High Stress
2024-04-03 15:30:00,930,167,21.6,82.6,1,High Stress
2024-04-03 15:45:00,945,176,21.8,84.5,1,High Stress
2024-04-03 16:00:00,960,171,23.2,81.2,0,High Stress
2024-04-03 16:15:00,975,100,22.1,78.9,0,High Stress
2024-04-03 16:30:00,990,100,23.0,73.6,0,High Stress
2024-04-03 16:45:00,1005,100,20.9,75.7,1,High Stress
2024-04-03 17:00:00,1020,100,20.6,85.2,1,High Stress
2024-04-03 17:15:00,1035,100,22.1,80.0,0,High Stress
2024-04-03 17:30:00,1050,100,22.2,84.5,0,High Stress
2024-04-03 17:45:00,1065,100,21.8,82.2,1,High Stress
2024-04-04 06:00:00,360,100,21.5,75.7,1,High Stress
2024-04-04 06:15:00,375,100,19.5,88.2,1,High Stress
2024-04-04 06:30:00,390,100,20.1,82.4,1,High Stress
2024-04-04 06:45:00,405,100,21.5,79.5,1,High Stress
2024-04-04 07:00:00,420,100,20.1,82.9,0,High Stress
2024-04-04 07:15:00,435,104,22.6,81.5,1,High Stress
2024-04-04 07:30:00,450,100,21.6,77.1,1,High Stress
2024-04-04 07:45:00,465,177,20.9,79.7,1,High Stress
2024-04-04 08:00:00,480,132,22.6,74.6,0,High Stress
2024-04-04 08:15:00,495,136,21.7,82.2,1,High Stress
2024-04-04 08:30:00,510,142,22.1,74.1,0,High Stress
2024-04-04 08:45:00,525,226,23.7,75.0,0,High Stress
2024-04-04 09:00:00,540,320,23.9,74.3,0,High Stress
2024-04-04 09:15:00,555,485,23.0,79.2,1,Moderate Stress
2024-04-04 09:30:00,570,524,24.8,72.3,0,Moderate Stress
2024-04-04 09:45:00,585,445,24.2,73.4,1,Moderate Stress
2024-04-04 10:00:00,600,446,24.0,76.8,1,Moderate Stress
2024-04-04 10:15:00,615,764,23.6,79.7,0,Healthy
2024-04-04 10:30:00,630,686,25.6,80.6,0,Healthy
2024-04-04 10:45:00,645,794,24.7,78.3,0,Healthy
2024-04-04 11:00:00,660,331,25.3,73.4,0,High Stress
2024-04-04 11:15:00,675,846,25.8,71.7,0,Healthy
2024-04-04 11:30:00,690,865,24.1,79.0,0,Healthy
2024-04-04 11:45:00,705,958,25.4,77.9,1,Healthy
2024-04-04 12:00:00,720,970,25.0,81.0,0,Healthy
2024-04-04 12:15:00,735,1050,23.7,83.2,0,Healthy
2024-04-04 12:30:00,750,913,23.5,82.4,0,Healthy
2024-04-04 12:45:00,765,1190,24.7,73.2,0,Healthy
2024-04-04 13:00:00,780,959,24.7,73.3,0,Healthy
2024-04-04 13:15:00,795,823,25.4,71.9,0,Healthy
2024-04-04 13:30:00,810,455,23.2,75.5,0,Moderate Stress
2024-04-04 13:45:00,825,264,23.4,79.4,0,High Stress
2024-04-04 14:00:00,840,621,24.0,77.0,0,Healthy
2024-04-04 14:15:00,855,257,23.0,81.8,0,High Stress
2024-04-04 14:30:00,870,203,24.9,77.0,0,High Stress
2024-04-04 14:45:00,885,368,22.4,81.1,0,Moderate Stress
2024-04-04 15:00:00,900,209,25.0,79.1,0,High Stress
2024-04-04 15:15:00,915,243,23.3,77.6,1,High Stress
2024-04-04 15:30:00,930,154,22.1,77.6,0,High Stress
2024-04-04 15:45:00,945,100,24.0,72.9,0,High Stress
2024-04-04 16:00:00,960,268,21.6,82.7,1,High Stress
2024-04-04 16:15:00,975,100,22.2,75.1,0,High Stress
2024-04-04 16:30:00,990,100,22.7,77.1,0,High Stress
2024-04-04 16:45:00,1005,100,21.3,79.5,1,High Stress
2024-04-04 17:00:00,1020,100,20.4,81.0,1,High Stress
2024-04-04 17:15:00,1035,100,20.5,79.1,1,High Stress
2024-04-04 17:30:00,1050,100,21.6,84.0,1,High Stress
2024-04-04 17:45:00,1065,100,20.9,81.8,0,High Stress
2024-04-05 06:00:00,360,100,20.9,76.8,0,High Stress
2024-04-05 06:15:00,375,100,20.4,83.6,1,High Stress
2024-04-05 06:30:00,390,100,22.1,76.9,0,High Stress
2024-04-05 06:45:00,405,100,20.2,86.5,1,High Stress
2024-04-05 07:00:00,420,100,20.7,75.5,1,High Stress
2024-04-05 07:15:00,435,100,21.8,74.0,0,High Stress
2024-04-05 07:30:00,450,100,22.9,81.5,1,High Stress
2024-04-05 07:45:00,465,132,21.8,78.7,1,High Stress
2024-04-05 08:00:00,480,115,21.6,85.3,1,High Stress
2024-04-05 08:15:00,495,237,23.8,74.8,0,High Stress
2024-04-05 08:30:00,510,254,23.6,83.8,0,High Stress
2024-04-05 08:45:00,525,300,22.3,76.6,0,High Stress
2024-04-05 09:00:00,540,324,25.0,79.5,0,High Stress
2024-04-05 09:15:00,555,430,23.7,75.3,0,Moderate Stress
2024-04-05 09:30:00,570,433,24.8,76.2,0,Moderate Stress
2024-04-05 09:45:00,585,232,23.4,74.8,0,High Stress
2024-04-05 10:00:00,600,469,25.8,74.0,0,Moderate Stress
2024-04-05 10:15:00,615,711,23.8,73.1,0,Healthy
2024-04-05 10:30:00,630,729,25.7,73.4,1,Healthy
2024-04-05 10:45:00,645,481,24.1,82.2,0,Moderate Stress
2024-04-05 11:00:00,660,1009,25.7,77.9,0,Healthy
2024-04-05 11:15:00,675,434,26.0,78.3,0,Moderate Stress
2024-04-05 11:30:00,690,917,25.0,81.1,0,Healthy
2024-04-05 11:45:00,705,999,25.4,70.2,0,Healthy
2024-04-05 12:00:00,720,897,25.9,78.3,1,Healthy
2024-04-05 12:15:00,735,803,26.2,81.0,0,Healthy
2024-04-05 12:30:00,750,911,24.9,79.4,0,Healthy
2024-04-05 12:45:00,765,1020,26.0,80.3,0,Healthy
2024-04-05 13:00:00,780,423,25.7,80.3,0,Moderate Stress
2024-04-05 13:15:00,795,508,23.9,71.8,0,Moderate Stress
2024-04-05 13:30:00,810,1017,25.7,72.5,0,Healthy
2024-04-05 13:45:00,825,615,24.9,72.7,0,Healthy
2024-04-05 14:00:00,840,689,25.5,71.1,0,Healthy
2024-04-05 14:15:00,855,182,23.4,73.1,0,High Stress
2024-04-05 14:30:00,870,478,23.3,75.4,0,Moderate Stress
2024-04-05 14:45:00,885,313,24.0,77.3,0,High Stress
2024-04-05 15:00:00,900,284,22.5,82.3,0,High Stress
2024-04-05 15:15:00,915,149,23.5,82.6,0,High Stress
2024-04-05 15:30:00,930,276,22.2,83.5,0,High Stress
2024-04-05 15:45:00,945,119,23.0,81.2,0,High Stress
2024-04-05 16:00:00,960,203,21.4,79.1,1,High Stress
2024-04-05 16:15:00,975,179,22.7,84.7,0,High Stress
2024-04-05 16:30:00,990,100,21.3,79.9,1,High Stress
2024-04-05 16:45:00,1005,109,20.6,83.5,1,High Stress
2024-04-05 17:00:00,1020,100,20.7,82.7,1,High Stress
2024-04-05 17:15:00,1035,100,20.4,85.8,1,High Stress
2024-04-05 17:30:00,1050,100,21.2,81.9,1,High Stress
2024-04-05 17:45:00,1065,100,19.9,78.2,1,High Stress
2024-04-06 06:00:00,360,100,20.4,82.7,1,High Stress
2024-04-06 06:15:00,375,100,19.2,79.0,1,High Stress
2024-04-06 06:30:00,390,100,20.1,79.9,1,High Stress
2024-04-06 06:45:00,405,100,20.5,83.2,1,High Stress
2024-04-06 07:00:00,420,100,22.1,73.9,0,High Stress
2024-04-06 07:15:00,435,100,23.1,73.5,0,High Stress
2024-04-06 07:30:00,450,100,21.8,74.3,1,High Stress
2024-04-06 07:45:00,465,100,23.3,73.8,0,High Stress
2024-04-06 08:00:00,480,215,23.8,77.8,0,High Stress
2024-04-06 08:15:00,495,127,24.1,82.5,0,High Stress
2024-04-06 08:30:00,510,150,22.5,80.1,0,High Stress
2024-04-06 08:45:00,525,312,24.6,74.2,0,High Stress
2024-04-06 09:00:00,540,261,24.3,71.7,0,High Stress
2024-04-06 09:15:00,555,380,23.6,82.1,0,Moderate Stress
2024-04-06 09:30:00,570,576,22.9,81.3,0,Moderate Stress
2024-04-06 09:45:00,585,489,23.6,79.6,0,Moderate Stress
2024-04-06 10:00:00,600,467,25.2,82.0,0,Moderate Stress
2024-04-06 10:15:00,615,554,24.5,72.3,0,Moderate Stress
2024-04-06 10:30:00,630,807,25.6,70.7,0,Healthy
2024-04-06 10:45:00,645,994,24.4,78.8,0,Healthy
2024-04-06 11:00:00,660,898,25.0,77.8,0,Healthy
2024-04-06 11:15:00,675,834,24.8,81.2,0,Healthy
2024-04-06 11:30:00,690,701,23.9,76.4,0,Healthy
2024-04-06 11:45:00,705,860,23.5,74.3,0,Healthy
2024-04-06 12:00:00,720,758,24.5,72.0,0,Healthy
2024-04-06 12:15:00,735,1034,24.4,80.6,0,Healthy
2024-04-06 12:30:00,750,1052,26.1,80.2,0,Healthy
2024-04-06 12:45:00,765,995,24.4,75.8,0,Healthy
2024-04-06 13:00:00,780,893,25.0,70.9,0,Healthy
2024-04-06 13:15:00,795,750,25.4,74.8,0,Healthy
2024-04-06 13:30:00,810,806,24.3,80.6,1,Healthy
2024-04-06 13:45:00,825,646,25.1,71.3,1,Healthy
2024-04-06 14:00:00,840,704,23.2,72.8,0,Healthy
2024-04-06 14:15:00,855,510,24.4,81.8,0,Moderate Stress
2024-04-06 14:30:00,870,490,24.2,81.1,1,Moderate Stress
2024-04-06 14:45:00,885,377,23.1,76.0,0,Moderate Stress
2024-04-06 15:00:00,900,250,24.4,82.8,0,High Stress
2024-04-06 15:15:00,915,224,21.8,77.6,1,High Stress
2024-04-06 15:30:00,930,219,21.9,77.7,1,High Stress
2024-04-06 15:45:00,945,149,21.9,78.1,0,High Stress
2024-04-06 16:00:00,960,100,23.1,82.8,0,High Stress
2024-04-06 16:15:00,975,186,22.9,74.2,0,High Stress
2024-04-06 16:30:00,990,100,22.2,79.4,0,High Stress
2024-04-06 16:45:00,1005,100,21.7,74.6,1,High Stress
2024-04-06 17:00:00,1020,100,21.7,83.2,1,High Stress
2024-04-06 17:15:00,1035,135,20.1,76.8,1,High Stress
2024-04-06 17:30:00,1050,100,20.1,86.6,1,High Stress
2024-04-06 17:45:00,1065,100,21.2,81.7,1,High Stress
2024-04-07 06:00:00,360,100,19.5,83.8,1,High Stress
2024-04-07 06:15:00,375,100,20.0,78.9,1,High Stress
2024-04-07 06:30:00,390,100,19.2,84.5,1,High Stress
2024-04-07 06:45:00,405,100,21.3,81.8,1,High Stress
2024-04-07 07:00:00,420,100,20.9,83.9,1,High Stress
2024-04-07 07:15:00,435,100,22.7,74.8,0,High Stress
2024-04-07 07:30:00,450,100,21.9,77.9,1,High Stress
2024-04-07 07:45:00,465,123,21.8,76.7,1,High Stress
2024-04-07 08:00:00,480,121,23.8,77.9,0,High Stress
2024-04-07 08:15:00,495,200,23.5,74.4,0,High Stress
2024-04-07 08:30:00,510,246,22.2,81.3,0,High Stress
2024-04-07 08:45:00,525,100,22.6,77.6,0,High Stress
2024-04-07 09:00:00,540,338,23.0,81.0,0,High Stress
2024-04-07 09:15:00,555,239,24.5,71.2,0,High Stress
2024-04-07 09:30:00,570,321,24.0,71.8,0,High Stress
2024-04-07 09:45:00,585,581,24.4,78.4,0,Moderate Stress
2024-04-07 10:00:00,600,554,22.9,81.1,0,Moderate Stress
2024-04-07 10:15:00,615,594,23.9,73.3,0,Moderate Stress
2024-04-07 10:30:00,630,682,23.5,75.1,0,Healthy
2024-04-07 10:45:00,645,404,26.1,78.6,0,Moderate Stress
2024-04-07 11:00:00,660,1029,25.7,77.7,0,Healthy
2024-04-07 11:15:00,675,917,24.0,83.5,0,Healthy
2024-04-07 11:30:00,690,588,24.2,78.5,1,Moderate Stress
2024-04-07 11:45:00,705,566,24.5,76.2,0,Moderate Stress
2024-04-07 12:00:00,720,869,25.2,77.4,0,Healthy
2024-04-07 12:15:00,735,863,24.4,75.9,0,Healthy
2024-04-07 12:30:00,750,1067,24.0,78.3,0,Healthy
2024-04-07 12:45:00,765,898,23.8,76.8,1,Healthy
2024-04-07 13:00:00,780,399,25.2,78.8,0,Moderate Stress
2024-04-07 13:15:00,795,783,25.9,77.3,0,Healthy
2024-04-07 13:30:00,810,342,23.2,73.0,0,High Stress
2024-04-07 13:45:00,825,593,23.3,82.5,0,Moderate Stress
2024-04-07 14:00:00,840,612,22.9,75.5,0,Healthy
2024-04-07 14:15:00,855,569,24.4,73.6,0,Moderate Stress
2024-04-07 14:30:00,870,560,24.5,81.7,0,Moderate Stress
2024-04-07 14:45:00,885,168,24.4,82.0,0,High Stress
2024-04-07 15:00:00,900,234,22.5,81.3,0,High Stress
2024-04-07 15:15:00,915,305,24.5,72.3,0,High Stress
2024-04-07 15:30:00,930,134,22.2,78.6,1,High Stress
2024-04-07 15:45:00,945,100,23.6,83.4,0,High Stress
2024-04-07 16:00:00,960,175,21.0,76.3,1,High Stress
2024-04-07 16:15:00,975,129,21.2,84.1,1,High Stress
2024-04-07 16:30:00,990,100,22.0,74.6,1,High Stress
2024-04-07 16:45:00,1005,100,20.7,77.9,0,High Stress
2024-04-07 17:00:00,1020,100,22.6,82.2,0,High Stress
2024-04-07 17:15:00,1035,100,21.9,83.6,1,High Stress
2024-04-07 17:30:00,1050,100,19.8,78.7,1,High Stress
2024-04-07 17:45:00,1065,100,20.6,86.4,0,High Stress
2024-04-08 06:00:00,360,100,20.6,78.8,1,High Stress
2024-04-08 06:15:00,375,100,19.6,81.9,1,High Stress
2024-04-08 06:30:00,390,100,20.9,76.4,1,High Stress
2024-04-08 06:45:00,405,100,21.9,79.5,1,High Stress
2024-04-08 07:00:00,420,100,20.2,85.5,1,High Stress
2024-04-08 07:15:00,435,168,20.8,84.7,1,High Stress
2024-04-08 07:30:00,450,164,22.5,80.7,0,High Stress
2024-04-08 07:45:00,465,207,20.9,82.1,1,High Stress
2024-04-08 08:00:00,480,100,22.0,82.1,0,High Stress
2024-04-08 08:15:00,495,169,24.0,81.4,0,High Stress
2024-04-08 08:30:00,510,320,24.4,73.0,0,High Stress
2024-04-08 08:45:00,525,100,22.3,77.2,0,High Stress
2024-04-08 09:00:00,540,397,23.2,83.8,1,Moderate Stress
2024-04-08 09:15:00,555,190,22.4,76.5,0,High Stress
2024-04-08 09:30:00,570,376,23.1,80.6,1,Moderate Stress
2024-04-08 09:45:00,585,262,23.2,75.6,0,High Stress
2024-04-08 10:00:00,600,515,24.1,72.5,0,Moderate Stress
2024-04-08 10:15:00,615,307,24.5,76.6,0,High Stress
2024-04-08 10:30:00,630,850,24.5,80.2,0,Healthy
2024-04-08 10:45:00,645,781,25.8,77.8,0,Healthy
2024-04-08 11:00:00,660,493,25.2,70.9,0,Moderate Stress
2024-04-08 11:15:00,675,734,24.0,73.3,0,Healthy
2024-04-08 11:30:00,690,479,26.0,70.9,0,Moderate Stress
2024-04-08 11:45:00,705,1074,25.1,80.4,0,Healthy
2024-04-08 12:00:00,720,351,26.0,69.5,1,Moderate Stress
2024-04-08 12:15:00,735,775,25.9,74.5,0,Healthy
2024-04-08 12:30:00,750,1144,25.2,74.8,0,Healthy
2024-04-08 12:45:00,765,959,23.8,83.7,0,Healthy
2024-04-08 13:00:00,780,302,24.2,75.2,0,High Stress
2024-04-08 13:15:00,795,658,24.3,77.3,0,Healthy
2024-04-08 13:30:00,810,790,24.4,72.8,0,Healthy
2024-04-08 13:45:00,825,735,23.4,77.9,0,Healthy
2024-04-08 14:00:00,840,604,24.1,80.2,0,Healthy
2024-04-08 14:15:00,855,499,25.6,76.5,0,Moderate Stress
2024-04-08 14:30:00,870,429,23.8,74.1,1,Moderate Stress
2024-04-08 14:45:00,885,434,23.1,80.7,0,Moderate Stress
2024-04-08 15:00:00,900,225,22.5,75.8,0,High Stress
2024-04-08 15:15:00,915,215,23.9,76.9,0,High Stress
2024-04-08 15:30:00,930,173,23.9,79.1,0,High Stress
2024-04-08 15:45:00,945,100,21.4,76.1,1,High Stress
2024-04-08 16:00:00,960,165,21.2,75.1,1,High Stress
2024-04-08 16:15:00,975,233,21.8,82.0,1,High Stress
2024-04-08 16:30:00,990,127,20.6,81.8,1,High Stress
2024-04-08 16:45:00,1005,100,21.5,85.8,1,High Stress
2024-04-08 17:00:00,1020,100,21.0,82.0,1,High Stress
2024-04-08 17:15:00,1035,100,20.0,81.3,1,High Stress
2024-04-08 17:30:00,1050,100,19.8,77.0,1,High Stress
2024-04-08 17:45:00,1065,100,20.7,76.3,1,High Stress
2024-04-09 06:00:00,360,100,19.4,79.8,1,High Stress
2024-04-09 06:15:00,375,100,21.0,83.6,1,High Stress
2024-04-09 06:30:00,390,100,21.6,82.4,1,High Stress
2024-04-09 06:45:00,405,100,21.8,77.5,1,High Stress
2024-04-09 07:00:00,420,100,19.8,82.4,1,High Stress
2024-04-09 07:15:00,435,100,22.2,78.1,0,High Stress
2024-04-09 07:30:00,450,100,22.3,74.1,0,High Stress
2024-04-09 07:45:00,465,100,22.0,77.3,0,High Stress
2024-04-09 08:00:00,480,106,23.4,80.9,0,High Stress
2024-04-09 08:15:00,495,110,24.1,81.6,0,High Stress
2024-04-09 08:30:00,510,202,22.5,82.1,0,High Stress
2024-04-09 08:45:00,525,258,23.6,75.5,0,High Stress
2024-04-09 09:00:00,540,263,24.6,76.3,0,High Stress
2024-04-09 09:15:00,555,387,22.7,75.6,1,Moderate Stress
2024-04-09 09:30:00,570,499,23.2,75.6,0,Moderate Stress
2024-04-09 09:45:00,585,522,22.7,75.5,0,Moderate Stress
2024-04-09 10:00:00,600,736,23.9,83.4,1,Healthy
2024-04-09 10:15:00,615,661,24.8,73.2,0,Healthy
2024-04-09 10:30:00,630,518,23.4,81.6,1,Moderate Stress
2024-04-09 10:45:00,645,727,24.8,75.1,0,Healthy
2024-04-09 11:00:00,660,527,23.8,72.7,1,Moderate Stress
2024-04-09 11:15:00,675,591,24.0,72.7,0,Moderate Stress
2024-04-09 11:30:00,690,854,25.8,79.3,0,Healthy
2024-04-09 11:45:00,705,650,26.2,72.9,0,Healthy
2024-04-09 12:00:00,720,1072,26.1,77.8,0,Healthy
2024-04-09 12:15:00,735,1221,23.5,72.4,0,Healthy
2024-04-09 12:30:00,750,619,24.9,74.4,0,Healthy
2024-04-09 12:45:00,765,1026,26.3,76.0,0,Healthy
2024-04-09 13:00:00,780,730,25.6,77.0,0,Healthy
2024-04-09 13:15:00,795,960,25.3,73.3,1,Healthy
2024-04-09 13:30:00,810,860,23.2,75.3,0,Healthy
2024-04-09 13:45:00,825,442,24.8,74.7,1,Moderate Stress
2024-04-09 14:00:00,840,452,22.9,76.9,0,Moderate Stress
2024-04-09 14:15:00,855,267,24.0,75.9,0,High Stress
2024-04-09 14:30:00,870,184,23.2,81.9,0,High Stress
2024-04-09 14:45:00,885,309,24.8,81.6,0,High Stress
2024-04-09 15:00:00,900,178,23.9,78.3,1,High Stress
2024-04-09 15:15:00,915,226,22.8,81.7,0,High Stress
2024-04-09 15:30:00,930,197,23.1,77.5,0,High Stress
2024-04-09 15:45:00,945,117,22.0,82.0,0,High Stress
2024-04-09 16:00:00,960,100,21.7,77.4,1,High Stress
2024-04-09 16:15:00,975,101,23.2,72.7,0,High Stress
2024-04-09 16:30:00,990,100,23.3,72.6,0,High Stress
2024-04-09 16:45:00,1005,100,20.2,76.2,1,High Stress
2024-04-09 17:00:00,1020,100,22.1,78.5,0,High Stress
2024-04-09 17:15:00,1035,100,21.5,74.9,1,High Stress
2024-04-09 17:30:00,1050,100,21.3,77.1,1,High Stress
2024-04-09 17:45:00,1065,100,19.9,81.4,1,High Stress
2024-04-10 06:00:00,360,100,20.1,85.2,1,High Stress
2024-04-10 06:15:00,375,100,20.3,84.2,0,High Stress
2024-04-10 06:30:00,390,100,19.6,84.9,1,High Stress
2024-04-10 06:45:00,405,100,21.6,79.9,1,High Stress
2024-04-10 07:00:00,420,100,22.5,79.8,1,High Stress
2024-04-10 07:15:00,435,100,20.7,82.4,1,High Stress
2024-04-10 07:30:00,450,100,21.9,74.8,1,High Stress
2024-04-10 07:45:00,465,133,20.9,83.5,1,High Stress
2024-04-10 08:00:00,480,100,21.6,82.8,1,High Stress
2024-04-10 08:15:00,495,210,24.1,74.3,0,High Stress
2024-04-10 08:30:00,510,161,23.2,82.9,0,High Stress
2024-04-10 08:45:00,525,343,23.4,81.3,0,High Stress
2024-04-10 09:00:00,540,211,22.3,75.9,1,High Stress
2024-04-10 09:15:00,555,439,22.3,85.2,0,Moderate Stress
2024-04-10 09:30:00,570,505,24.7,74.8,1,Moderate Stress
2024-04-10 09:45:00,585,477,25.3,74.3,0,Moderate Stress
2024-04-10 10:00:00,600,594,25.6,75.6,0,Moderate Stress
2024-04-10 10:15:00,615,371,24.7,80.3,0,Moderate Stress
2024-04-10 10:30:00,630,282,25.3,76.5,0,High Stress
2024-04-10 10:45:00,645,878,25.7,79.8,0,Healthy
2024-04-10 11:00:00,660,831,26.3,75.4,0,Healthy
2024-04-10 11:15:00,675,978,24.6,74.1,0,Healthy
2024-04-10 11:30:00,690,402,24.4,76.6,0,Moderate Stress
2024-04-10 11:45:00,705,593,25.2,70.6,0,Moderate Stress
2024-04-10 12:00:00,720,860,25.9,74.0,0,Healthy
2024-04-10 12:15:00,735,974,25.0,72.7,0,Healthy
2024-04-10 12:30:00,750,875,25.6,78.0,0,Healthy
2024-04-10 12:45:00,765,976,25.7,71.7,0,Healthy
2024-04-10 13:00:00,780,385,25.1,80.9,0,Moderate Stress
2024-04-10 13:15:00,795,465,24.0,75.8,0,Moderate Stress
2024-04-10 13:30:00,810,593,23.9,73.2,0,Moderate Stress
2024-04-10 13:45:00,825,623,24.9,70.8,0,Healthy
2024-04-10 14:00:00,840,520,25.7,78.3,0,Moderate Stress
2024-04-10 14:15:00,855,576,24.7,82.7,0,Moderate Stress
2024-04-10 14:30:00,870,216,24.3,73.3,0,High Stress
2024-04-10 14:45:00,885,288,22.6,83.5,0,High Stress
2024-04-10 15:00:00,900,360,23.8,73.3,0,Moderate Stress
2024-04-10 15:15:00,915,312,22.7,74.8,1,High Stress
2024-04-10 15:30:00,930,220,24.3,79.2,0,High Stress
2024-04-10 15:45:00,945,129,22.4,79.1,0,High Stress
2024-04-10 16:00:00,960,142,22.0,79.3,0,High Stress
2024-04-10 16:15:00,975,187,21.7,84.6,1,High Stress
2024-04-10 16:30:00,990,100,22.8,75.6,0,High Stress
2024-04-10 16:45:00,1005,100,22.6,76.4,1,High Stress
2024-04-10 17:00:00,1020,100,20.5,76.7,1,High Stress
2024-04-10 17:15:00,1035,100,19.7,77.0,1,High Stress
2024-04-10 17:30:00,1050,100,19.3,86.7,1,High Stress
2024-04-10 17:45:00,1065,100,20.9,85.8,1,High Stress
2024-04-11 06:00:00,360,100,20.5,76.0,1,High Stress
2024-04-11 06:15:00,375,100,20.6,78.6,1,High Stress
2024-04-11 06:30:00,390,100,21.6,84.2,1,High Stress
2024-04-11 06:45:00,405,100,21.1,85.0,1,High Stress
2024-04-11 07:00:00,420,100,20.3,76.7,1,High Stress
2024-04-11 07:15:00,435,100,21.3,85.1,1,High Stress
2024-04-11 07:30:00,450,100,23.4,82.4,0,High Stress
2024-04-11 07:45:00,465,100,22.9,77.8,0,High Stress
2024-04-11 08:00:00,480,100,24.0,77.4,0,High Stress
2024-04-11 08:15:00,495,135,22.7,76.3,0,High Stress
2024-04-11 08:30:00,510,167,23.8,78.9,0,High Stress
2024-04-11 08:45:00,525,148,22.7,77.0,0,High Stress
2024-04-11 09:00:00,540,236,24.0,71.7,0,High Stress
2024-04-11 09:15:00,555,182,22.4,77.1,0,High Stress
2024-04-11 09:30:00,570,466,23.7,80.3,0,Moderate Stress
2024-04-11 09:45:00,585,382,23.7,81.2,0,Moderate Stress
2024-04-11 10:00:00,600,676,24.2,72.5,0,Healthy
2024-04-11 10:15:00,615,722,23.1,82.4,1,Healthy
2024-04-11 10:30:00,630,859,25.1,75.7,0,Healthy
2024-04-11 10:45:00,645,822,25.7,78.1,0,Healthy
2024-04-11 11:00:00,660,766,24.5,74.3,0,Healthy
2024-04-11 11:15:00,675,486,23.4,78.0,0,Moderate Stress
2024-04-11 11:30:00,690,640,24.6,80.1,0,Healthy
2024-04-11 11:45:00,705,1150,23.6,76.3,0,Healthy
2024-04-11 12:00:00,720,896,26.3,75.1,0,Healthy
2024-04-11 12:15:00,735,981,23.6,83.9,0,Healthy
2024-04-11 12:30:00,750,1088,25.5,76.6,1,Healthy
2024-04-11 12:45:00,765,769,24.4,79.4,0,Healthy
2024-04-11 13:00:00,780,773,25.9,81.4,0,Healthy
2024-04-11 13:15:00,795,831,25.3,75.2,0,Healthy
2024-04-11 13:30:00,810,746,25.0,73.8,0,Healthy
2024-04-11 13:45:00,825,707,24.5,72.9,0,Healthy
2024-04-11 14:00:00,840,731,24.3,76.1,0,Healthy
2024-04-11 14:15:00,855,369,23.4,78.7,0,Moderate Stress
2024-04-11 14:30:00,870,519,23.4,76.7,0,Moderate Stress
2024-04-11 14:45:00,885,347,24.3,81.4,0,High Stress
2024-04-11 15:00:00,900,255,22.9,77.5,0,High Stress
2024-04-11 15:15:00,915,298,22.2,78.8,1,High Stress
2024-04-11 15:30:00,930,181,23.0,83.7,0,High Stress
2024-04-11 15:45:00,945,100,23.0,82.3,1,High Stress
2024-04-11 16:00:00,960,100,22.5,80.9,0,High Stress
2024-04-11 16:15:00,975,100,20.8,83.2,0,High Stress
2024-04-11 16:30:00,990,122,21.2,81.2,1,High Stress
2024-04-11 16:45:00,1005,172,21.2,76.3,1,High Stress
2024-04-11 17:00:00,1020,100,22.6,77.0,0,High Stress
2024-04-11 17:15:00,1035,100,21.9,82.3,1,High Stress
2024-04-11 17:30:00,1050,100,21.5,79.9,1,High Stress
2024-04-11 17:45:00,1065,100,19.0,78.1,1,High Stress
2024-04-12 06:00:00,360,100,18.8,87.7,1,High Stress
2024-04-12 06:15:00,375,100,20.7,86.2,1,High Stress
2024-04-12 06:30:00,390,100,21.3,76.0,1,High Stress
2024-04-12 06:45:00,405,100,22.3,76.9,0,High Stress
2024-04-12 07:00:00,420,100,22.8,75.0,0,High Stress
2024-04-12 07:15:00,435,100,21.2,75.7,1,High Stress
2024-04-12 07:30:00,450,124,20.7,81.5,1,High Stress
2024-04-12 07:45:00,465,160,22.8,78.8,0,High Stress
2024-04-12 08:00:00,480,120,22.6,79.5,0,High Stress
2024-04-12 08:15:00,495,117,23.6,75.5,0,High Stress
2024-04-12 08:30:00,510,277,21.9,75.2,1,High Stress
2024-04-12 08:45:00,525,355,23.3,79.2,0,Moderate Stress
2024-04-12 09:00:00,540,247,24.6,73.6,0,High Stress
2024-04-12 09:15:00,555,397,22.8,83.6,1,Moderate Stress
2024-04-12 09:30:00,570,535,23.3,83.3,0,Moderate Stress
2024-04-12 09:45:00,585,428,23.0,79.7,0,Moderate Stress
2024-04-12 10:00:00,600,723,25.0,72.1,0,Healthy
2024-04-12 10:15:00,615,238,24.0,80.5,0,High Stress
2024-04-12 10:30:00,630,614,24.3,72.2,0,Healthy
2024-04-12 10:45:00,645,966,24.8,80.1,0,Healthy
2024-04-12 11:00:00,660,365,23.6,82.0,1,Moderate Stress
2024-04-12 11:15:00,675,1035,25.2,76.1,0,Healthy
2024-04-12 11:30:00,690,945,24.7,82.3,0,Healthy
2024-04-12 11:45:00,705,959,24.5,72.6,0,Healthy
2024-04-12 12:00:00,720,1034,25.9,70.0,0,Healthy
2024-04-12 12:15:00,735,1036,24.3,73.6,0,Healthy
2024-04-12 12:30:00,750,979,24.8,71.9,0,Healthy
2024-04-12 12:45:00,765,813,26.1,76.5,0,Healthy
2024-04-12 13:00:00,780,751,24.7,82.6,1,Healthy
2024-04-12 13:15:00,795,509,25.3,78.4,1,Moderate Stress
2024-04-12 13:30:00,810,475,24.9,81.8,0,Moderate Stress
2024-04-12 13:45:00,825,840,25.3,81.5,0,Healthy
2024-04-12 14:00:00,840,496,23.2,72.5,0,Moderate Stress
2024-04-12 14:15:00,855,630,23.7,73.3,0,Healthy
2024-04-12 14:30:00,870,523,24.5,79.2,0,Moderate Stress
2024-04-12 14:45:00,885,382,23.0,83.5,0,Moderate Stress
2024-04-12 15:00:00,900,198,22.9,74.5,1,High Stress
2024-04-12 15:15:00,915,273,24.5,79.5,0,High Stress
2024-04-12 15:30:00,930,145,23.2,80.6,0,High Stress
2024-04-12 15:45:00,945,185,22.4,80.8,0,High Stress
2024-04-12 16:00:00,960,100,21.8,76.3,1,High Stress
2024-04-12 16:15:00,975,100,21.0,83.9,1,High Stress
2024-04-12 16:30:00,990,100,21.9,83.2,0,High Stress
2024-04-12 16:45:00,1005,100,23.0,78.2,0,High Stress
2024-04-12 17:00:00,1020,100,20.1,87.5,1,High Stress
2024-04-12 17:15:00,1035,130,20.2,78.0,1,High Stress
2024-04-12 17:30:00,1050,100,20.6,82.9,1,High Stress
2024-04-12 17:45:00,1065,100,19.5,83.0,1,High Stress
2024-04-13 06:00:00,360,100,19.3,85.4,1,High Stress
2024-04-13 06:15:00,375,100,21.0,78.7,1,High Stress
2024-04-13 06:30:00,390,100,22.0,77.7,0,High Stress
2024-04-13 06:45:00,405,100,20.1,85.1,1,High Stress
2024-04-13 07:00:00,420,100,20.1,76.9,1,High Stress
2024-04-13 07:15:00,435,100,20.9,80.1,1,High Stress
2024-04-13 07:30:00,450,100,22.5,74.7,0,High Stress
2024-04-13 07:45:00,465,100,21.2,77.7,1,High Stress
2024-04-13 08:00:00,480,161,23.0,73.8,0,High Stress
2024-04-13 08:15:00,495,241,22.9,76.5,0,High Stress
2024-04-13 08:30:00,510,282,23.5,76.2,0,High Stress
2024-04-13 08:45:00,525,220,22.4,85.3,0,High Stress
2024-04-13 09:00:00,540,215,24.9,76.7,1,High Stress
2024-04-13 09:15:00,555,214,22.8,77.4,0,High Stress
2024-04-13 09:30:00,570,217,22.5,75.8,0,High Stress
2024-04-13 09:45:00,585,615,24.2,77.5,0,Healthy
2024-04-13 10:00:00,600,604,25.7,74.2,0,Healthy
2024-04-13 10:15:00,615,723,23.3,82.7,0,Healthy
2024-04-13 10:30:00,630,953,24.0,81.2,0,Healthy
2024-04-13 10:45:00,645,334,24.3,77.1,0,High Stress
2024-04-13 11:00:00,660,861,24.0,72.4,0,Healthy
2024-04-13 11:15:00,675,1134,24.4,78.5,0,Healthy
2024-04-13 11:30:00,690,996,25.5,81.4,0,Healthy
2024-04-13 11:45:00,705,429,25.3,72.6,0,Moderate Stress
2024-04-13 12:00:00,720,1189,25.8,75.9,0,Healthy
2024-04-13 12:15:00,735,1027,26.3,76.9,0,Healthy
2024-04-13 12:30:00,750,589,24.0,80.7,0,Moderate Stress
2024-04-13 12:45:00,765,1098,25.1,78.6,0,Healthy
2024-04-13 13:00:00,780,729,25.1,79.8,0,Healthy
2024-04-13 13:15:00,795,558,24.3,81.8,0,Moderate Stress
2024-04-13 13:30:00,810,445,23.4,74.6,0,Moderate Stress
2024-04-13 13:45:00,825,868,25.3,73.4,0,Healthy
2024-04-13 14:00:00,840,539,25.7,71.5,0,Moderate Stress
2024-04-13 14:15:00,855,597,24.1,73.0,0,Moderate Stress
2024-04-13 14:30:00,870,424,25.2,82.2,0,Moderate Stress
2024-04-13 14:45:00,885,494,23.1,80.3,0,Moderate Stress
2024-04-13 15:00:00,900,292,22.2,73.8,1,High Stress
2024-04-13 15:15:00,915,239,22.6,79.2,0,High Stress
2024-04-13 15:30:00,930,280,21.8,85.5,1,High Stress
2024-04-13 15:45:00,945,200,21.4,81.7,1,High Stress
2024-04-13 16:00:00,960,100,21.3,84.9,1,High Stress
2024-04-13 16:15:00,975,100,21.8,74.7,1,High Stress
2024-04-13 16:30:00,990,100,20.9,84.3,1,High Stress
2024-04-13 16:45:00,1005,100,21.1,84.0,1,High Stress
2024-04-13 17:00:00,1020,100,22.7,82.6,0,High Stress
2024-04-13 17:15:00,1035,100,21.4,84.2,1,High Stress
2024-04-13 17:30:00,1050,100,20.6,84.7,1,High Stress
2024-04-13 17:45:00,1065,123,21.2,86.3,1,High Stress
2024-04-14 06:00:00,360,100,19.6,82.2,1,High Stress
2024-04-14 06:15:00,375,100,19.6,76.7,1,High Stress
2024-04-14 06:30:00,390,100,19.3,82.0,1,High Stress
2024-04-14 06:45:00,405,100,20.9,77.4,1,High Stress
2024-04-14 07:00:00,420,100,22.7,74.4,0,High Stress
2024-04-14 07:15:00,435,100,22.1,77.8,0,High Stress
2024-04-14 07:30:00,450,226,21.5,79.5,1,High Stress
2024-04-14 07:45:00,465,156,23.2,80.6,0,High Stress
2024-04-14 08:00:00,480,111,22.2,73.7,0,High Stress
2024-04-14 08:15:00,495,155,21.6,78.5,1,High Stress
2024-04-14 08:30:00,510,119,24.1,71.8,0,High Stress
2024-04-14 08:45:00,525,135,22.5,84.8,0,High Stress
2024-04-14 09:00:00,540,176,23.8,78.4,0,High Stress
2024-04-14 09:15:00,555,352,23.0,75.2,0,Moderate Stress
2024-04-14 09:30:00,570,563,23.6,76.5,0,Moderate Stress
2024-04-14 09:45:00,585,394,23.9,81.7,0,Moderate Stress
2024-04-14 10:00:00,600,266,25.8,77.0,0,High Stress
2024-04-14 10:15:00,615,546,24.1,78.7,0,Moderate Stress
2024-04-14 10:30:00,630,456,25.2,72.7,0,Moderate Stress
2024-04-14 10:45:00,645,538,25.5,73.8,0,Moderate Stress
2024-04-14 11:00:00,660,539,24.2,80.8,0,Moderate Stress
2024-04-14 11:15:00,675,543,24.9,76.8,0,Moderate Stress
2024-04-14 11:30:00,690,1046,25.5,70.3,0,Healthy
2024-04-14 11:45:00,705,670,24.3,81.6,0,Healthy
2024-04-14 12:00:00,720,1038,25.8,75.2,0,Healthy
2024-04-14 12:15:00,735,1052,25.9,76.5,1,Healthy
2024-04-14 12:30:00,750,822,25.6,80.4,0,Healthy
2024-04-14 12:45:00,765,906,26.4,71.7,0,Healthy
2024-04-14 13:00:00,780,1065,24.8,79.0,0,Healthy
2024-04-14 13:15:00,795,790,24.7,77.7,0,Healthy
2024-04-14 13:30:00,810,578,25.4,76.7,0,Moderate Stress
2024-04-14 13:45:00,825,705,25.5,81.8,0,Healthy
2024-04-14 14:00:00,840,546,23.2,74.8,0,Moderate Stress
2024-04-14 14:15:00,855,545,23.5,83.3,0,Moderate Stress
2024-04-14 14:30:00,870,466,24.5,73.8,1,Moderate Stress
2024-04-14 14:45:00,885,275,23.2,83.4,0,High Stress
2024-04-14 15:00:00,900,371,23.4,80.1,0,Moderate Stress
2024-04-14 15:15:00,915,299,23.2,83.2,0,High Stress
2024-04-14 15:30:00,930,308,23.2,73.8,0,High Stress
2024-04-14 15:45:00,945,196,22.3,81.6,0,High Stress
2024-04-14 16:00:00,960,144,21.4,79.3,1,High Stress
2024-04-14 16:15:00,975,100,22.3,79.1,0,High Stress
2024-04-14 16:30:00,990,100,21.6,82.9,1,High Stress
2024-04-14 16:45:00,1005,100,21.4,78.0,1,High Stress
2024-04-14 17:00:00,1020,100,20.2,79.8,1,High Stress
2024-04-14 17:15:00,1035,100,22.3,74.9,0,High Stress
2024-04-14 17:30:00,1050,100,19.2,87.2,1,High Stress
2024-04-14 17:45:00,1065,100,21.8,79.3,0,High Stress
2024-04-15 06:00:00,360,100,19.6,79.9,1,High Stress
2024-04-15 06:15:00,375,100,19.5,80.7,1,High Stress
2024-04-15 06:30:00,390,100,21.2,79.3,1,High Stress
2024-04-15 06:45:00,405,100,21.8,80.9,0,High Stress
2024-04-15 07:00:00,420,100,21.9,74.6,1,High Stress
2024-04-15 07:15:00,435,100,21.0,85.3,1,High Stress
2024-04-15 07:30:00,450,100,21.6,78.7,1,High Stress
2024-04-15 07:45:00,465,136,21.7,75.2,1,High Stress
2024-04-15 08:00:00,480,155,23.9,73.0,0,High Stress
2024-04-15 08:15:00,495,100,22.2,80.3,0,High Stress
2024-04-15 08:30:00,510,135,22.7,73.6,1,High Stress
2024-04-15 08:45:00,525,329,23.6,81.3,0,High Stress
2024-04-15 09:00:00,540,308,24.4,80.9,0,High Stress
2024-04-15 09:15:00,555,408,22.6,82.3,0,Moderate Stress
2024-04-15 09:30:00,570,358,22.9,75.3,0,Moderate Stress
2024-04-15 09:45:00,585,182,25.1,78.4,0,High Stress
2024-04-15 10:00:00,600,697,24.7,81.2,0,Healthy
2024-04-15 10:15:00,615,282,25.1,79.3,0,High Stress
2024-04-15 10:30:00,630,715,23.9,72.3,0,Healthy
2024-04-15 10:45:00,645,907,25.6,76.4,1,Healthy
2024-04-15 11:00:00,660,983,24.9,76.9,0,Healthy
2024-04-15 11:15:00,675,1042,25.9,75.6,0,Healthy
2024-04-15 11:30:00,690,972,25.3,81.7,0,Healthy
2024-04-15 11:45:00,705,531,24.7,78.1,0,Moderate Stress
2024-04-15 12:00:00,720,949,25.6,78.9,0,Healthy
2024-04-15 12:15:00,735,390,23.9,82.8,0,Moderate Stress
2024-04-15 12:30:00,750,860,24.5,80.6,0,Healthy
2024-04-15 12:45:00,765,600,23.6,79.8,0,Healthy
2024-04-15 13:00:00,780,702,24.6,71.0,0,Healthy
2024-04-15 13:15:00,795,892,24.2,81.8,1,Healthy
2024-04-15 13:30:00,810,870,25.3,75.8,0,Healthy
2024-04-15 13:45:00,825,650,24.2,77.7,0,Healthy
2024-04-15 14:00:00,840,606,23.2,80.8,1,Healthy
2024-04-15 14:15:00,855,288,23.1,78.0,1,High Stress
2024-04-15 14:30:00,870,496,24.2,78.5,0,Moderate Stress
2024-04-15 14:45:00,885,317,24.8,70.9,0,High Stress
2024-04-15 15:00:00,900,288,23.2,81.8,0,High Stress
2024-04-15 15:15:00,915,100,22.1,75.6,0,High Stress
2024-04-15 15:30:00,930,293,22.3,74.1,0,High Stress
2024-04-15 15:45:00,945,172,22.4,84.3,0,High Stress
2024-04-15 16:00:00,960,209,21.7,82.2,1,High Stress
2024-04-15 16:15:00,975,100,23.5,74.8,0,High Stress
2024-04-15 16:30:00,990,167,20.9,79.5,0,High Stress
2024-04-15 16:45:00,1005,100,22.9,79.2,0,High Stress
2024-04-15 17:00:00,1020,100,21.2,79.1,1,High Stress
2024-04-15 17:15:00,1035,103,22.0,77.5,1,High Stress
2024-04-15 17:30:00,1050,133,19.5,86.7,1,High Stress
2024-04-15 17:45:00,1065,100,19.7,77.7,1,High Stress
2024-04-16 06:00:00,360,100,19.5,86.5,1,High Stress
2024-04-16 06:15:00,375,100,19.7,78.4,1,High Stress
2024-04-16 06:30:00,390,100,20.6,86.0,1,High Stress
2024-04-16 06:45:00,405,100,20.7,82.9,1,High Stress
2024-04-16 07:00:00,420,100,21.9,74.3,1,High Stress
2024-04-16 07:15:00,435,100,20.2,76.2,1,High Stress
2024-04-16 07:30:00,450,100,21.5,80.6,0,High Stress
2024-04-16 07:45:00,465,108,21.4,74.9,1,High Stress
2024-04-16 08:00:00,480,100,22.7,81.8,1,High Stress
2024-04-16 08:15:00,495,289,24.2,81.4,0,High Stress
2024-04-16 08:30:00,510,180,23.9,81.2,0,High Stress
2024-04-16 08:45:00,525,266,23.2,76.4,0,High Stress
2024-04-16 09:00:00,540,295,24.0,72.6,0,High Stress
2024-04-16 09:15:00,555,389,24.2,71.5,0,Moderate Stress
2024-04-16 09:30:00,570,588,22.6,78.1,0,Moderate Stress
2024-04-16 09:45:00,585,524,23.1,76.4,0,Moderate Stress
2024-04-16 10:00:00,600,287,24.4,73.4,0,High Stress
2024-04-16 10:15:00,615,629,25.0,74.8,0,Healthy
2024-04-16 10:30:00,630,786,25.8,73.0,0,Healthy
2024-04-16 10:45:00,645,1038,26.0,76.1,0,Healthy
2024-04-16 11:00:00,660,1003,24.2,78.7,0,Healthy
2024-04-16 11:15:00,675,815,25.3,76.1,0,Healthy
2024-04-16 11:30:00,690,854,24.5,77.0,0,Healthy
2024-04-16 11:45:00,705,910,24.5,72.7,0,Healthy
2024-04-16 12:00:00,720,982,24.0,79.7,0,Healthy
2024-04-16 12:15:00,735,1079,23.5,83.5,0,Healthy
2024-04-16 12:30:00,750,882,24.2,77.4,1,Healthy
2024-04-16 12:45:00,765,542,25.6,78.4,0,Moderate Stress
2024-04-16 13:00:00,780,858,23.8,75.3,0,Healthy
2024-04-16 13:15:00,795,788,24.7,72.6,0,Healthy
2024-04-16 13:30:00,810,596,23.8,74.6,0,Moderate Stress
2024-04-16 13:45:00,825,685,23.4,76.3,0,Healthy
2024-04-16 14:00:00,840,712,23.8,73.3,0,Healthy
2024-04-16 14:15:00,855,290,24.3,77.8,0,High Stress
2024-04-16 14:30:00,870,441,25.3,74.0,0,Moderate Stress
2024-04-16 14:45:00,885,300,24.0,79.3,0,High Stress
2024-04-16 15:00:00,900,273,22.7,75.1,0,High Stress
2024-04-16 15:15:00,915,105,23.6,72.8,0,High Stress
2024-04-16 15:30:00,930,137,22.0,79.3,0,High Stress
2024-04-16 15:45:00,945,101,23.7,78.7,0,High Stress
2024-04-16 16:00:00,960,100,23.0,81.4,0,High Stress
2024-04-16 16:15:00,975,209,20.8,84.0,1,High Stress
2024-04-16 16:30:00,990,222,21.2,81.1,1,High Stress
2024-04-16 16:45:00,1005,123,22.0,85.7,0,High Stress
2024-04-16 17:00:00,1020,100,20.2,77.7,1,High Stress
2024-04-16 17:15:00,1035,100,22.4,75.0,0,High Stress
2024-04-16 17:30:00,1050,100,19.9,83.3,1,High Stress
2024-04-16 17:45:00,1065,100,20.2,79.4,1,High Stress
2024-04-17 06:00:00,360,100,19.8,84.7,1,High Stress
2024-04-17 06:15:00,375,100,19.1,86.0,1,High Stress
2024-04-17 06:30:00,390,100,20.8,75.4,1,High Stress
2024-04-17 06:45:00,405,100,22.4,82.5,0,High Stress
2024-04-17 07:00:00,420,100,22.8,81.3,0,High Stress
2024-04-17 07:15:00,435,100,22.4,83.2,0,High Stress
2024-04-17 07:30:00,450,100,22.7,84.7,0,High Stress
2024-04-17 07:45:00,465,100,22.0,77.6,0,High Stress
2024-04-17 08:00:00,480,310,24.0,74.0,0,High Stress
2024-04-17 08:15:00,495,198,22.8,84.5,0,High Stress
2024-04-17 08:30:00,510,297,23.0,79.4,0,High Stress
2024-04-17 08:45:00,525,275,23.6,83.9,1,High Stress
2024-04-17 09:00:00,540,473,24.1,75.9,0,Moderate Stress
2024-04-17 09:15:00,555,375,22.8,80.3,0,Moderate Stress
2024-04-17 09:30:00,570,457,24.5,71.9,0,Moderate Stress
2024-04-17 09:45:00,585,396,23.9,82.8,0,Moderate Stress
2024-04-17 10:00:00,600,618,24.9,80.8,0,Healthy
2024-04-17 10:15:00,615,441,23.9,79.7,0,Moderate Stress
2024-04-17 10:30:00,630,742,25.2,79.0,1,Healthy
2024-04-17 10:45:00,645,840,23.5,74.5,0,Healthy
2024-04-17 11:00:00,660,781,24.6,76.1,0,Healthy
2024-04-17 11:15:00,675,1077,24.3,73.9,0,Healthy
2024-04-17 11:30:00,690,988,25.0,72.4,0,Healthy
2024-04-17 11:45:00,705,861,23.6,77.7,0,Healthy
2024-04-17 12:00:00,720,1015,24.5,73.5,1,Healthy
2024-04-17 12:15:00,735,811,26.4,73.3,0,Healthy
2024-04-17 12:30:00,750,829,25.3,75.7,0,Healthy
2024-04-17 12:45:00,765,973,26.4,79.0,0,Healthy
2024-04-17 13:00:00,780,779,24.8,82.2,0,Healthy
2024-04-17 13:15:00,795,400,24.0,73.5,0,Moderate Stress
2024-04-17 13:30:00,810,604,25.2,70.6,1,Healthy
2024-04-17 13:45:00,825,700,25.3,75.8,0,Healthy
2024-04-17 14:00:00,840,504,25.1,76.8,1,Moderate Stress
2024-04-17 14:15:00,855,525,23.2,83.3,0,Moderate Stress
2024-04-17 14:30:00,870,520,23.6,74.1,0,Moderate Stress
2024-04-17 14:45:00,885,359,24.1,76.4,0,Moderate Stress
2024-04-17 15:00:00,900,267,24.6,73.1,0,High Stress
2024-04-17 15:15:00,915,135,21.8,85.5,1,High Stress
2024-04-17 15:30:00,930,232,22.3,79.7,0,High Stress
2024-04-17 15:45:00,945,100,23.3,77.3,0,High Stress
2024-04-17 16:00:00,960,121,21.7,78.8,1,High Stress
2024-04-17 16:15:00,975,139,23.3,84.4,0,High Stress
2024-04-17 16:30:00,990,183,22.5,77.8,1,High Stress
2024-04-17 16:45:00,1005,100,21.2,76.7,1,High Stress
2024-04-17 17:00:00,1020,100,22.6,81.4,0,High Stress
2024-04-17 17:15:00,1035,100,19.6,88.0,1,High Stress
2024-04-17 17:30:00,1050,119,19.7,76.5,1,High Stress
2024-04-17 17:45:00,1065,100,19.7,86.9,1,High Stress
2024-04-18 06:00:00,360,100,19.4,84.5,1,High Stress
2024-04-18 06:15:00,375,100,19.0,81.4,1,High Stress
2024-04-18 06:30:00,390,100,20.0,79.1,1,High Stress
2024-04-18 06:45:00,405,108,20.6,78.8,1,High Stress
2024-04-18 07:00:00,420,100,22.7,81.9,1,High Stress
2024-04-18 07:15:00,435,100,21.8,80.9,1,High Stress
2024-04-18 07:30:00,450,100,20.9,86.4,1,High Stress
2024-04-18 07:45:00,465,175,22.8,80.3,0,High Stress
2024-04-18 08:00:00,480,218,24.0,78.7,0,High Stress
2024-04-18 08:15:00,495,240,23.8,74.0,1,High Stress
2024-04-18 08:30:00,510,170,24.1,79.0,0,High Stress
2024-04-18 08:45:00,525,237,22.6,80.6,0,High Stress
2024-04-18 09:00:00,540,424,23.5,83.7,0,Moderate Stress
2024-04-18 09:15:00,555,251,24.8,75.0,0,High Stress
2024-04-18 09:30:00,570,393,22.6,81.0,1,Moderate Stress
2024-04-18 09:45:00,585,532,25.1,75.9,0,Moderate Stress
2024-04-18 10:00:00,600,667,25.1,80.1,0,Healthy
2024-04-18 10:15:00,615,712,23.0,74.2,0,Healthy
2024-04-18 10:30:00,630,733,23.2,80.0,0,Healthy
2024-04-18 10:45:00,645,691,25.0,81.0,0,Healthy
2024-04-18 11:00:00,660,920,25.8,80.4,0,Healthy
2024-04-18 11:15:00,675,467,25.6,74.9,0,Moderate Stress
2024-04-18 11:30:00,690,890,24.5,79.8,0,Healthy
2024-04-18 11:45:00,705,979,24.4,80.1,0,Healthy
2024-04-18 12:00:00,720,1013,25.4,78.9,0,Healthy
2024-04-18 12:15:00,735,788,24.8,76.9,0,Healthy
2024-04-18 12:30:00,750,816,23.6,72.6,0,Healthy
2024-04-18 12:45:00,765,1047,26.3,75.1,0,Healthy
2024-04-18 13:00:00,780,904,25.8,77.3,0,Healthy
2024-04-18 13:15:00,795,736,25.2,73.1,0,Healthy
2024-04-18 13:30:00,810,767,23.5,80.5,0,Healthy
2024-04-18 13:45:00,825,453,23.4,78.7,0,Moderate Stress
2024-04-18 14:00:00,840,554,24.0,72.0,0,Moderate Stress
2024-04-18 14:15:00,855,483,23.0,82.7,1,Moderate Stress
2024-04-18 14:30:00,870,441,22.7,75.0,0,Moderate Stress
2024-04-18 14:45:00,885,316,25.2,77.3,0,High Stress
2024-04-18 15:00:00,900,321,24.2,71.9,0,High Stress
2024-04-18 15:15:00,915,310,24.4,79.2,0,High Stress
2024-04-18 15:30:00,930,194,22.7,79.2,0,High Stress
2024-04-18 15:45:00,945,147,21.4,83.5,1,High Stress
2024-04-18 16:00:00,960,118,23.2,73.1,0,High Stress
2024-04-18 16:15:00,975,117,23.7,83.2,0,High Stress
2024-04-18 16:30:00,990,100,21.7,75.8,1,High Stress
2024-04-18 16:45:00,1005,100,21.2,80.3,1,High Stress
2024-04-18 17:00:00,1020,100,21.9,81.1,1,High Stress
2024-04-18 17:15:00,1035,100,21.0,75.2,1,High Stress
2024-04-18 17:30:00,1050,100,19.8,81.3,1,High Stress
2024-04-18 17:45:00,1065,100,19.9,79.7,1,High Stress
2024-04-19 06:00:00,360,100,19.7,82.2,1,High Stress
2024-04-19 06:15:00,375,100,21.6,76.2,1,High Stress
2024-04-19 06:30:00,390,100,21.7,78.0,1,High Stress
2024-04-19 06:45:00,405,100,20.9,76.9,0,High Stress
2024-04-19 07:00:00,420,100,20.1,78.3,0,High Stress
2024-04-19 07:15:00,435,100,21.2,85.5,1,High Stress
2024-04-19 07:30:00,450,100,22.3,77.8,0,High Stress
2024-04-19 07:45:00,465,100,22.0,74.4,0,High Stress
2024-04-19 08:00:00,480,119,23.5,73.7,0,High Stress
2024-04-19 08:15:00,495,239,22.1,76.1,0,High Stress
2024-04-19 08:30:00,510,195,22.8,81.2,0,High Stress
2024-04-19 08:45:00,525,122,21.9,81.9,1,High Stress
2024-04-19 09:00:00,540,111,22.1,81.7,0,High Stress
2024-04-19 09:15:00,555,196,25.2,75.9,0,High Stress
2024-04-19 09:30:00,570,493,22.7,75.4,1,Moderate Stress
2024-04-19 09:45:00,585,604,22.7,75.2,0,Healthy
2024-04-19 10:00:00,600,582,23.9,80.1,1,Moderate Stress
2024-04-19 10:15:00,615,350,24.9,72.1,0,Moderate Stress
2024-04-19 10:30:00,630,636,25.9,74.6,0,Healthy
2024-04-19 10:45:00,645,325,23.4,74.1,0,High Stress
2024-04-19 11:00:00,660,466,25.5,76.3,0,Moderate Stress
2024-04-19 11:15:00,675,516,23.7,76.1,0,Moderate Stress
2024-04-19 11:30:00,690,1039,24.5,82.8,1,Healthy
2024-04-19 11:45:00,705,931,25.3,72.4,0,Healthy
2024-04-19 12:00:00,720,436,25.7,79.2,0,Moderate Stress
2024-04-19 12:15:00,735,1051,24.5,82.0,0,Healthy
2024-04-19 12:30:00,750,907,25.7,80.1,0,Healthy
2024-04-19 12:45:00,765,993,25.6,74.5,0,Healthy
2024-04-19 13:00:00,780,1014,25.1,70.6,0,Healthy
2024-04-19 13:15:00,795,845,23.6,72.4,0,Healthy
2024-04-19 13:30:00,810,821,23.5,75.9,1,Healthy
2024-04-19 13:45:00,825,729,23.2,81.9,0,Healthy
2024-04-19 14:00:00,840,670,24.0,80.4,0,Healthy
2024-04-19 14:15:00,855,337,25.6,75.1,0,High Stress
2024-04-19 14:30:00,870,271,23.8,83.6,0,High Stress
2024-04-19 14:45:00,885,368,23.6,80.3,0,Moderate Stress
2024-04-19 15:00:00,900,258,23.1,80.1,0,High Stress
2024-04-19 15:15:00,915,283,22.5,78.3,0,High Stress
2024-04-19 15:30:00,930,214,22.9,74.2,0,High Stress
2024-04-19 15:45:00,945,276,21.6,79.5,0,High Stress
2024-04-19 16:00:00,960,156,21.8,84.4,1,High Stress
2024-04-19 16:15:00,975,100,23.0,76.6,0,High Stress
2024-04-19 16:30:00,990,197,23.4,77.9,0,High Stress
2024-04-19 16:45:00,1005,100,20.3,79.7,1,High Stress
2024-04-19 17:00:00,1020,100,20.1,87.8,1,High Stress
2024-04-19 17:15:00,1035,103,22.3,74.6,0,High Stress
2024-04-19 17:30:00,1050,100,21.1,78.3,1,High Stress
2024-04-19 17:45:00,1065,100,21.0,84.2,1,High Stress
2024-04-20 06:00:00,360,100,20.6,87.2,1,High Stress
2024-04-20 06:15:00,375,100,21.5,83.5,1,High Stress
2024-04-20 06:30:00,390,100,21.8,78.2,1,High Stress
2024-04-20 06:45:00,405,100,20.7,80.0,1,High Stress
2024-04-20 07:00:00,420,100,20.1,77.5,1,High Stress
2024-04-20 07:15:00,435,100,22.8,73.4,0,High Stress
2024-04-20 07:30:00,450,100,21.9,80.9,1,High Stress
2024-04-20 07:45:00,465,144,23.6,78.9,0,High Stress
2024-04-20 08:00:00,480,136,21.3,76.5,1,High Stress
2024-04-20 08:15:00,495,200,24.1,79.0,0,High Stress
2024-04-20 08:30:00,510,100,22.6,73.2,0,High Stress
2024-04-20 08:45:00,525,212,24.4,72.1,0,High Stress
2024-04-20 09:00:00,540,226,22.9,84.3,0,High Stress
2024-04-20 09:15:00,555,408,25.2,82.1,0,Moderate Stress
2024-04-20 09:30:00,570,492,23.6,75.3,0,Moderate Stress
2024-04-20 09:45:00,585,609,25.1,80.7,0,Healthy
2024-04-20 10:00:00,600,720,24.1,78.1,0,Healthy
2024-04-20 10:15:00,615,703,23.0,81.6,0,Healthy
2024-04-20 10:30:00,630,690,25.6,74.4,0,Healthy
2024-04-20 10:45:00,645,868,23.4,73.5,0,Healthy
2024-04-20 11:00:00,660,845,25.0,71.5,0,Healthy
2024-04-20 11:15:00,675,967,23.6,74.7,0,Healthy
2024-04-20 11:30:00,690,884,26.0,80.6,0,Healthy
2024-04-20 11:45:00,705,882,25.4,75.7,1,Healthy
2024-04-20 12:00:00,720,846,23.6,77.5,0,Healthy
2024-04-20 12:15:00,735,949,26.0,75.5,1,Healthy
2024-04-20 12:30:00,750,1110,23.9,75.4,1,Healthy
2024-04-20 12:45:00,765,964,24.5,75.9,1,Healthy
2024-04-20 13:00:00,780,1028,24.1,74.2,0,Healthy
2024-04-20 13:15:00,795,887,26.0,71.3,0,Healthy
2024-04-20 13:30:00,810,809,24.5,79.5,0,Healthy
2024-04-20 13:45:00,825,334,24.7,81.4,0,High Stress
2024-04-20 14:00:00,840,609,24.4,75.6,0,Healthy
2024-04-20 14:15:00,855,518,22.8,75.1,0,Moderate Stress
2024-04-20 14:30:00,870,104,22.8,78.6,0,High Stress
2024-04-20 14:45:00,885,276,24.3,75.1,0,High Stress
2024-04-20 15:00:00,900,301,23.3,78.2,0,High Stress
2024-04-20 15:15:00,915,140,22.2,81.6,0,High Stress
2024-04-20 15:30:00,930,267,24.4,76.6,0,High Stress
2024-04-20 15:45:00,945,216,21.3,80.3,1,High Stress
2024-04-20 16:00:00,960,272,23.6,72.9,0,High Stress
2024-04-20 16:15:00,975,100,21.1,75.3,1,High Stress
2024-04-20 16:30:00,990,100,21.1,84.3,1,High Stress
2024-04-20 16:45:00,1005,100,21.2,82.3,1,High Stress
2024-04-20 17:00:00,1020,100,21.7,78.7,1,High Stress
2024-04-20 17:15:00,1035,100,22.4,76.7,0,High Stress
2024-04-20 17:30:00,1050,100,21.5,81.0,1,High Stress
2024-04-20 17:45:00,1065,100,19.2,88.3,1,High Stress
2024-04-21 06:00:00,360,100,21.1,79.3,1,High Stress
2024-04-21 06:15:00,375,100,19.1,79.5,1,High Stress
2024-04-21 06:30:00,390,100,21.4,78.8,1,High Stress
2024-04-21 06:45:00,405,100,22.2,84.4,0,High Stress
2024-04-21 07:00:00,420,100,20.1,79.3,1,High Stress
2024-04-21 07:15:00,435,100,22.7,81.3,0,High Stress
2024-04-21 07:30:00,450,100,22.8,78.2,0,High Stress
2024-04-21 07:45:00,465,100,21.3,78.9,1,High Stress
2024-04-21 08:00:00,480,100,23.6,79.7,0,High Stress
2024-04-21 08:15:00,495,100,22.1,81.9,0,High Stress
2024-04-21 08:30:00,510,240,24.5,80.7,0,High Stress
2024-04-21 08:45:00,525,255,22.8,79.1,0,High Stress
2024-04-21 09:00:00,540,374,22.5,80.9,0,Moderate Stress
2024-04-21 09:15:00,555,408,23.3,76.1,0,Moderate Stress
2024-04-21 09:30:00,570,467,23.5,73.7,0,Moderate Stress
2024-04-21 09:45:00,585,290,24.9,74.2,0,High Stress
2024-04-21 10:00:00,600,732,23.3,76.3,0,Healthy
2024-04-21 10:15:00,615,601,24.0,79.9,0,Healthy
2024-04-21 10:30:00,630,610,23.3,74.8,0,Healthy
2024-04-21 10:45:00,645,936,23.8,77.0,0,Healthy
2024-04-21 11:00:00,660,643,25.4,70.7,0,Healthy
2024-04-21 11:15:00,675,834,24.6,74.1,0,Healthy
2024-04-21 11:30:00,690,623,24.9,73.8,0,Healthy
2024-04-21 11:45:00,705,462,23.8,79.4,0,Moderate Stress
2024-04-21 12:00:00,720,800,25.2,81.5,0,Healthy
2024-04-21 12:15:00,735,971,26.1,80.7,0,Healthy
2024-04-21 12:30:00,750,911,26.2,72.0,0,Healthy
2024-04-21 12:45:00,765,808,25.6,79.2,0,Healthy
2024-04-21 13:00:00,780,830,25.5,76.4,1,Healthy
2024-04-21 13:15:00,795,828,23.6,77.3,0,Healthy
2024-04-21 13:30:00,810,828,23.3,80.4,0,Healthy
2024-04-21 13:45:00,825,626,23.7,79.6,0,Healthy
2024-04-21 14:00:00,840,520,22.9,83.3,0,Moderate Stress
2024-04-21 14:15:00,855,502,24.5,79.1,0,Moderate Stress
2024-04-21 14:30:00,870,524,24.1,72.5,0,Moderate Stress
2024-04-21 14:45:00,885,375,22.5,74.2,0,Moderate Stress
2024-04-21 15:00:00,900,432,24.7,72.7,0,Moderate Stress
2024-04-21 15:15:00,915,224,24.6,72.9,0,High Stress
2024-04-21 15:30:00,930,212,22.2,82.6,0,High Stress
2024-04-21 15:45:00,945,100,22.1,78.4,0,High Stress
2024-04-21 16:00:00,960,100,21.5,84.5,1,High Stress
2024-04-21 16:15:00,975,100,22.7,83.4,0,High Stress
2024-04-21 16:30:00,990,100,23.4,73.0,0,High Stress
2024-04-21 16:45:00,1005,155,22.4,77.0,0,High Stress
2024-04-21 17:00:00,1020,100,20.5,85.7,1,High Stress
2024-04-21 17:15:00,1035,100,20.2,82.3,1,High Stress
2024-04-21 17:30:00,1050,100,21.1,86.2,1,High Stress
2024-04-21 17:45:00,1065,100,19.8,86.0,1,High Stress
2024-04-22 06:00:00,360,100,21.2,84.4,1,High Stress
2024-04-22 06:15:00,375,100,21.2,81.5,1,High Stress
2024-04-22 06:30:00,390,100,20.6,77.7,1,High Stress
2024-04-22 06:45:00,405,100,20.7,82.5,1,High Stress
2024-04-22 07:00:00,420,100,20.6,84.2,0,High Stress
2024-04-22 07:15:00,435,100,21.0,83.9,1,High Stress
2024-04-22 07:30:00,450,115,22.4,74.0,0,High Stress
2024-04-22 07:45:00,465,100,21.8,76.9,1,High Stress
2024-04-22 08:00:00,480,208,22.0,79.6,0,High Stress
2024-04-22 08:15:00,495,177,23.9,72.3,0,High Stress
2024-04-22 08:30:00,510,265,21.7,86.0,1,High Stress
2024-04-22 08:45:00,525,307,24.6,80.7,0,High Stress
2024-04-22 09:00:00,540,356,23.3,80.9,0,Moderate Stress
2024-04-22 09:15:00,555,551,24.9,76.1,1,Moderate Stress
2024-04-22 09:30:00,570,512,24.9,72.7,0,Moderate Stress
2024-04-22 09:45:00,585,495,24.4,81.5,0,Moderate Stress
2024-04-22 10:00:00,600,530,23.6,73.0,0,Moderate Stress
2024-04-22 10:15:00,615,689,25.6,80.8,0,Healthy
2024-04-22 10:30:00,630,751,25.8,76.0,0,Healthy
2024-04-22 10:45:00,645,460,24.2,71.7,0,Moderate Stress
2024-04-22 11:00:00,660,768,25.1,77.8,0,Healthy
2024-04-22 11:15:00,675,1134,23.6,78.3,1,Healthy
2024-04-22 11:30:00,690,1039,26.1,72.0,0,Healthy
2024-04-22 11:45:00,705,861,23.8,80.3,0,Healthy
2024-04-22 12:00:00,720,810,26.2,71.9,0,Healthy
2024-04-22 12:15:00,735,514,24.0,72.9,0,Moderate Stress
2024-04-22 12:30:00,750,693,25.0,75.5,0,Healthy
2024-04-22 12:45:00,765,975,25.0,80.7,0,Healthy
2024-04-22 13:00:00,780,810,24.9,70.7,0,Healthy
2024-04-22 13:15:00,795,363,24.6,73.9,0,Moderate Stress
2024-04-22 13:30:00,810,751,25.7,75.4,0,Healthy
2024-04-22 13:45:00,825,651,23.9,83.3,0,Healthy
2024-04-22 14:00:00,840,745,23.8,76.0,0,Healthy
2024-04-22 14:15:00,855,319,24.1,73.0,0,High Stress
2024-04-22 14:30:00,870,352,23.0,80.9,0,Moderate Stress
2024-04-22 14:45:00,885,463,23.8,72.5,0,Moderate Stress
2024-04-22 15:00:00,900,346,25.0,78.6,0,High Stress
2024-04-22 15:15:00,915,236,23.6,78.2,0,High Stress
2024-04-22 15:30:00,930,100,21.7,77.7,0,High Stress
2024-04-22 15:45:00,945,145,23.4,79.8,0,High Stress
2024-04-22 16:00:00,960,158,23.0,75.7,0,High Stress
2024-04-22 16:15:00,975,163,21.7,84.1,1,High Stress
2024-04-22 16:30:00,990,100,20.8,76.7,1,High Stress
2024-04-22 16:45:00,1005,100,21.1,80.2,1,High Stress
2024-04-22 17:00:00,1020,100,22.1,84.2,0,High Stress
2024-04-22 17:15:00,1035,100,20.8,86.2,1,High Stress
2024-04-22 17:30:00,1050,100,20.9,78.5,1,High Stress
2024-04-22 17:45:00,1065,100,21.6,78.2,1,High Stress
2024-04-23 06:00:00,360,100,20.8,77.1,1,High Stress
2024-04-23 06:15:00,375,100,19.4,85.4,1,High Stress
2024-04-23 06:30:00,390,100,21.4,86.1,1,High Stress
2024-04-23 06:45:00,405,100,22.1,75.4,0,High Stress
2024-04-23 07:00:00,420,100,21.0,77.7,1,High Stress
2024-04-23 07:15:00,435,107,22.3,84.3,0,High Stress
2024-04-23 07:30:00,450,136,21.9,76.1,1,High Stress
2024-04-23 07:45:00,465,100,21.7,81.3,1,High Stress
2024-04-23 08:00:00,480,100,21.3,81.2,1,High Stress
2024-04-23 08:15:00,495,158,21.9,84.7,0,High Stress
2024-04-23 08:30:00,510,286,22.1,77.7,0,High Stress
2024-04-23 08:45:00,525,250,22.7,83.3,0,High Stress
2024-04-23 09:00:00,540,341,24.0,78.3,0,High Stress
2024-04-23 09:15:00,555,381,24.6,71.7,0,Moderate Stress
2024-04-23 09:30:00,570,203,25.1,76.7,1,High Stress
2024-04-23 09:45:00,585,580,24.6,73.1,0,Moderate Stress
2024-04-23 10:00:00,600,663,23.0,78.0,0,Healthy
2024-04-23 10:15:00,615,816,23.4,74.4,0,Healthy
2024-04-23 10:30:00,630,357,25.7,70.5,0,Moderate Stress
2024-04-23 10:45:00,645,656,25.4,70.1,0,Healthy
2024-04-23 11:00:00,660,984,23.9,83.5,0,Healthy
2024-04-23 11:15:00,675,882,24.6,78.6,0,Healthy
2024-04-23 11:30:00,690,1177,24.8,81.6,0,Healthy
2024-04-23 11:45:00,705,983,25.3,75.0,0,Healthy
2024-04-23 12:00:00,720,1056,25.8,70.1,0,Healthy
2024-04-23 12:15:00,735,876,24.3,79.2,0,Healthy
2024-04-23 12:30:00,750,929,25.9,70.4,0,Healthy
2024-04-23 12:45:00,765,960,25.9,74.4,0,Healthy
2024-04-23 13:00:00,780,722,25.8,74.0,0,Healthy
2024-04-23 13:15:00,795,752,25.3,72.4,0,Healthy
2024-04-23 13:30:00,810,719,24.0,75.9,0,Healthy
2024-04-23 13:45:00,825,400,25.0,71.5,0,Moderate Stress
2024-04-23 14:00:00,840,658,25.2,76.8,1,Healthy
2024-04-23 14:15:00,855,469,25.4,81.2,0,Moderate Stress
2024-04-23 14:30:00,870,278,24.3,80.5,1,High Stress
2024-04-23 14:45:00,885,234,22.4,73.4,0,High Stress
2024-04-23 15:00:00,900,359,24.1,73.1,0,Moderate Stress
2024-04-23 15:15:00,915,340,24.7,77.5,0,High Stress
2024-04-23 15:30:00,930,154,21.9,81.9,1,High Stress
2024-04-23 15:45:00,945,191,21.4,82.6,0,High Stress
2024-04-23 16:00:00,960,149,23.4,77.5,0,High Stress
2024-04-23 16:15:00,975,100,21.6,80.5,1,High Stress
2024-04-23 16:30:00,990,190,23.1,78.1,0,High Stress
2024-04-23 16:45:00,1005,100,21.1,86.7,1,High Stress
2024-04-23 17:00:00,1020,100,20.1,82.6,1,High Stress
2024-04-23 17:15:00,1035,100,22.2,75.8,0,High Stress
2024-04-23 17:30:00,1050,100,21.6,76.4,1,High Stress
2024-04-23 17:45:00,1065,100,21.8,85.9,1,High Stress
2024-04-24 06:00:00,360,100,19.1,83.2,1,High Stress
2024-04-24 06:15:00,375,100,19.8,79.3,1,High Stress
2024-04-24 06:30:00,390,100,19.4,78.5,1,High Stress
2024-04-24 06:45:00,405,105,19.6,77.3,1,High Stress
2024-04-24 07:00:00,420,100,21.7,81.3,0,High Stress
2024-04-24 07:15:00,435,100,22.6,84.3,0,High Stress
2024-04-24 07:30:00,450,100,22.7,74.5,0,High Stress
2024-04-24 07:45:00,465,100,21.1,79.3,1,High Stress
2024-04-24 08:00:00,480,100,21.4,85.4,1,High Stress
2024-04-24 08:15:00,495,101,22.8,83.9,1,High Stress
2024-04-24 08:30:00,510,101,21.6,81.1,0,High Stress
2024-04-24 08:45:00,525,257,23.0,75.3,1,High Stress
2024-04-24 09:00:00,540,286,24.9,75.0,0,High Stress
2024-04-24 09:15:00,555,317,22.3,77.9,0,High Stress
2024-04-24 09:30:00,570,537,23.4,73.7,0,Moderate Stress
2024-04-24 09:45:00,585,309,23.5,81.9,0,High Stress
2024-04-24 10:00:00,600,582,24.2,79.1,0,Moderate Stress
2024-04-24 10:15:00,615,571,25.3,80.0,0,Moderate Stress
2024-04-24 10:30:00,630,708,24.1,79.9,0,Healthy
2024-04-24 10:45:00,645,663,23.9,77.7,0,Healthy
2024-04-24 11:00:00,660,496,25.6,70.5,0,Moderate Stress
2024-04-24 11:15:00,675,865,25.1,73.6,0,Healthy
2024-04-24 11:30:00,690,789,24.6,79.1,0,Healthy
2024-04-24 11:45:00,705,863,24.5,80.4,0,Healthy
2024-04-24 12:00:00,720,640,24.8,82.3,0,Healthy
2024-04-24 12:15:00,735,989,26.4,80.6,0,Healthy
2024-04-24 12:30:00,750,917,25.4,78.0,0,Healthy
2024-04-24 12:45:00,765,773,25.8,77.4,0,Healthy
2024-04-24 13:00:00,780,933,25.7,78.9,0,Healthy
2024-04-24 13:15:00,795,895,25.3,74.2,0,Healthy
2024-04-24 13:30:00,810,652,23.5,75.8,0,Healthy
2024-04-24 13:45:00,825,391,25.2,73.1,0,Moderate Stress
2024-04-24 14:00:00,840,785,23.0,74.2,0,Healthy
2024-04-24 14:15:00,855,522,23.1,74.6,0,Moderate Stress
2024-04-24 14:30:00,870,318,22.7,76.0,0,High Stress
2024-04-24 14:45:00,885,304,24.1,80.8,1,High Stress
2024-04-24 15:00:00,900,306,24.2,77.2,0,High Stress
2024-04-24 15:15:00,915,228,23.1,83.0,0,High Stress
2024-04-24 15:30:00,930,279,24.0,77.9,0,High Stress
2024-04-24 15:45:00,945,100,23.2,73.2,1,High Stress
2024-04-24 16:00:00,960,100,21.8,78.5,0,High Stress
2024-04-24 16:15:00,975,100,22.3,80.2,0,High Stress
2024-04-24 16:30:00,990,134,21.2,79.6,1,High Stress
2024-04-24 16:45:00,1005,100,21.0,74.9,1,High Stress
2024-04-24 17:00:00,1020,129,21.0,80.7,1,High Stress
2024-04-24 17:15:00,1035,100,20.0,76.7,1,High Stress
2024-04-24 17:30:00,1050,100,20.0,82.2,1,High Stress
2024-04-24 17:45:00,1065,100,21.2,84.6,1,High Stress
2024-04-25 06:00:00,360,100,21.4,84.9,1,High Stress
2024-04-25 06:15:00,375,100,21.0,76.5,1,High Stress
2024-04-25 06:30:00,390,100,21.3,77.4,1,High Stress
2024-04-25 06:45:00,405,100,20.7,85.0,0,High Stress
2024-04-25 07:00:00,420,100,21.1,74.8,1,High Stress
2024-04-25 07:15:00,435,117,22.2,82.5,1,High Stress
2024-04-25 07:30:00,450,100,20.6,83.7,1,High Stress
2024-04-25 07:45:00,465,100,21.3,79.3,1,High Stress
2024-04-25 08:00:00,480,100,23.1,77.5,0,High Stress
2024-04-25 08:15:00,495,198,22.5,81.5,0,High Stress
2024-04-25 08:30:00,510,189,21.7,79.1,1,High Stress
2024-04-25 08:45:00,525,189,23.7,77.4,0,High Stress
2024-04-25 09:00:00,540,258,24.0,81.5,0,High Stress
2024-04-25 09:15:00,555,169,24.3,76.7,0,High Stress
2024-04-25 09:30:00,570,259,23.0,74.4,0,High Stress
2024-04-25 09:45:00,585,496,24.9,79.3,0,Moderate Stress
2024-04-25 10:00:00,600,525,23.2,82.0,0,Moderate Stress
2024-04-25 10:15:00,615,776,24.1,82.2,0,Healthy
2024-04-25 10:30:00,630,862,25.4,78.9,1,Healthy
2024-04-25 10:45:00,645,929,25.5,76.3,1,Healthy
2024-04-25 11:00:00,660,708,25.9,79.6,0,Healthy
2024-04-25 11:15:00,675,1063,24.2,80.1,0,Healthy
2024-04-25 11:30:00,690,932,25.1,80.4,0,Healthy
2024-04-25 11:45:00,705,988,25.2,71.5,0,Healthy
2024-04-25 12:00:00,720,1120,26.3,77.5,0,Healthy
2024-04-25 12:15:00,735,518,24.7,73.5,0,Moderate Stress
2024-04-25 12:30:00,750,818,25.4,74.8,0,Healthy
2024-04-25 12:45:00,765,593,25.1,76.1,0,Moderate Stress
2024-04-25 13:00:00,780,531,25.6,74.1,0,Moderate Stress
2024-04-25 13:15:00,795,958,25.8,78.0,0,Healthy
2024-04-25 13:30:00,810,725,23.3,82.6,0,Healthy
2024-04-25 13:45:00,825,573,23.7,78.5,0,Moderate Stress
2024-04-25 14:00:00,840,574,23.5,72.8,0,Moderate Stress
2024-04-25 14:15:00,855,626,24.3,75.0,0,Healthy
2024-04-25 14:30:00,870,176,25.0,80.1,0,High Stress
2024-04-25 14:45:00,885,333,22.5,83.3,0,High Stress
2024-04-25 15:00:00,900,375,22.4,80.8,0,Moderate Stress
2024-04-25 15:15:00,915,100,24.3,75.9,0,High Stress
2024-04-25 15:30:00,930,100,21.8,74.4,1,High Stress
2024-04-25 15:45:00,945,242,23.7,77.5,0,High Stress
2024-04-25 16:00:00,960,124,22.0,82.0,0,High Stress
2024-04-25 16:15:00,975,100,23.0,76.3,0,High Stress
2024-04-25 16:30:00,990,100,22.6,75.7,0,High Stress
2024-04-25 16:45:00,1005,100,22.2,75.8,0,High Stress
2024-04-25 17:00:00,1020,100,20.6,82.4,1,High Stress
2024-04-25 17:15:00,1035,102,22.3,76.3,1,High Stress
2024-04-25 17:30:00,1050,100,21.6,84.8,1,High Stress
2024-04-25 17:45:00,1065,100,21.6,81.6,1,High Stress
2024-04-26 06:00:00,360,100,19.8,76.5,1,High Stress
2024-04-26 06:15:00,375,100,21.1,82.5,1,High Stress
2024-04-26 06:30:00,390,100,21.7,76.2,0,High Stress
2024-04-26 06:45:00,405,100,20.8,78.7,1,High Stress
2024-04-26 07:00:00,420,100,22.7,81.3,0,High Stress
2024-04-26 07:15:00,435,100,20.8,82.1,1,High Stress
2024-04-26 07:30:00,450,158,23.3,79.9,0,High Stress
2024-04-26 07:45:00,465,177,21.6,81.1,1,High Stress
2024-04-26 08:00:00,480,139,23.8,75.2,0,High Stress
2024-04-26 08:15:00,495,181,21.7,78.9,0,High Stress
2024-04-26 08:30:00,510,139,24.4,82.1,0,High Stress
2024-04-26 08:45:00,525,373,23.7,80.7,1,Moderate Stress
2024-04-26 09:00:00,540,360,24.4,80.0,0,Moderate Stress
2024-04-26 09:15:00,555,353,24.6,77.0,0,Moderate Stress
2024-04-26 09:30:00,570,479,22.7,83.3,0,Moderate Stress
2024-04-26 09:45:00,585,218,25.6,80.5,0,High Stress
2024-04-26 10:00:00,600,721,23.6,81.0,0,Healthy
2024-04-26 10:15:00,615,793,24.3,75.1,0,Healthy
2024-04-26 10:30:00,630,734,25.0,76.1,0,Healthy
2024-04-26 10:45:00,645,942,25.5,78.3,0,Healthy
2024-04-26 11:00:00,660,710,23.5,73.5,0,Healthy
2024-04-26 11:15:00,675,1028,25.5,79.1,0,Healthy
2024-04-26 11:30:00,690,820,23.6,83.4,0,Healthy
2024-04-26 11:45:00,705,890,24.4,80.6,0,Healthy
2024-04-26 12:00:00,720,1012,25.0,81.9,0,Healthy
2024-04-26 12:15:00,735,1123,24.6,80.5,0,Healthy
2024-04-26 12:30:00,750,1103,25.7,71.3,0,Healthy
2024-04-26 12:45:00,765,392,23.8,74.8,0,Moderate Stress
2024-04-26 13:00:00,780,427,24.6,79.9,0,Moderate Stress
2024-04-26 13:15:00,795,871,24.7,75.7,0,Healthy
2024-04-26 13:30:00,810,595,26.0,72.5,0,Moderate Stress
2024-04-26 13:45:00,825,399,24.4,77.9,0,Moderate Stress
2024-04-26 14:00:00,840,541,23.9,80.3,0,Moderate Stress
2024-04-26 14:15:00,855,628,25.5,76.8,0,Healthy
2024-04-26 14:30:00,870,245,22.9,75.8,0,High Stress
2024-04-26 14:45:00,885,221,23.3,74.6,0,High Stress
2024-04-26 15:00:00,900,205,24.7,79.0,0,High Stress
2024-04-26 15:15:00,915,101,22.3,78.5,0,High Stress
2024-04-26 15:30:00,930,124,22.1,76.2,0,High Stress
2024-04-26 15:45:00,945,246,23.9,73.2,0,High Stress
2024-04-26 16:00:00,960,100,23.5,81.6,0,High Stress
2024-04-26 16:15:00,975,100,22.4,81.7,0,High Stress
2024-04-26 16:30:00,990,107,21.2,83.0,1,High Stress
2024-04-26 16:45:00,1005,100,20.9,76.6,1,High Stress
2024-04-26 17:00:00,1020,100,21.4,77.8,1,High Stress
2024-04-26 17:15:00,1035,100,21.0,86.4,1,High Stress
2024-04-26 17:30:00,1050,100,20.0,81.6,1,High Stress
2024-04-26 17:45:00,1065,100,21.4,85.5,1,High Stress
2024-04-27 06:00:00,360,100,20.4,82.3,1,High Stress
2024-04-27 06:15:00,375,100,19.0,85.9,0,High Stress
2024-04-27 06:30:00,390,100,21.8,77.5,1,High Stress
2024-04-27 06:45:00,405,100,19.6,79.8,1,High Stress
2024-04-27 07:00:00,420,100,20.7,81.7,1,High Stress
2024-04-27 07:15:00,435,100,21.7,79.9,1,High Stress
2024-04-27 07:30:00,450,100,22.4,79.0,0,High Stress
2024-04-27 07:45:00,465,103,23.6,83.0,0,High Stress
2024-04-27 08:00:00,480,201,23.2,80.9,0,High Stress
2024-04-27 08:15:00,495,203,21.4,83.6,0,High Stress
2024-04-27 08:30:00,510,100,23.9,74.1,0,High Stress
2024-04-27 08:45:00,525,181,24.3,80.7,0,High Stress
2024-04-27 09:00:00,540,365,22.5,76.6,0,Moderate Stress
2024-04-27 09:15:00,555,459,24.9,80.6,0,Moderate Stress
2024-04-27 09:30:00,570,294,22.9,80.6,1,High Stress
2024-04-27 09:45:00,585,174,25.5,73.4,0,High Stress
2024-04-27 10:00:00,600,629,25.6,72.8,0,Healthy
2024-04-27 10:15:00,615,336,23.8,79.6,0,High Stress
2024-04-27 10:30:00,630,717,25.7,69.9,0,Healthy
2024-04-27 10:45:00,645,874,23.3,77.9,0,Healthy
2024-04-27 11:00:00,660,1062,25.5,75.9,0,Healthy
2024-04-27 11:15:00,675,490,26.2,71.1,0,Moderate Stress
2024-04-27 11:30:00,690,790,25.8,79.2,0,Healthy
2024-04-27 11:45:00,705,452,26.3,71.9,0,Moderate Stress
2024-04-27 12:00:00,720,1013,24.8,71.1,1,Healthy
2024-04-27 12:15:00,735,1041,24.2,77.2,0,Healthy
2024-04-27 12:30:00,750,889,26.2,76.6,0,Healthy
2024-04-27 12:45:00,765,903,24.3,73.4,0,Healthy
2024-04-27 13:00:00,780,791,24.4,73.3,0,Healthy
2024-04-27 13:15:00,795,641,25.5,70.5,0,Healthy
2024-04-27 13:30:00,810,773,25.1,74.4,0,Healthy
2024-04-27 13:45:00,825,379,25.2,71.8,0,Moderate Stress
2024-04-27 14:00:00,840,651,23.2,74.6,0,Healthy
2024-04-27 14:15:00,855,477,24.5,80.6,0,Moderate Stress
2024-04-27 14:30:00,870,425,23.8,75.5,0,Moderate Stress
2024-04-27 14:45:00,885,426,23.5,76.7,0,Moderate Stress
2024-04-27 15:00:00,900,417,24.3,74.5,0,Moderate Stress
2024-04-27 15:15:00,915,210,24.3,80.2,0,High Stress
2024-04-27 15:30:00,930,233,23.0,82.8,0,High Stress
2024-04-27 15:45:00,945,142,21.9,80.3,1,High Stress
2024-04-27 16:00:00,960,103,21.6,78.9,0,High Stress
2024-04-27 16:15:00,975,100,22.4,80.2,0,High Stress
2024-04-27 16:30:00,990,100,22.2,80.4,0,High Stress
2024-04-27 16:45:00,1005,100,20.8,79.6,1,High Stress
2024-04-27 17:00:00,1020,100,21.6,82.1,1,High Stress
2024-04-27 17:15:00,1035,100,21.2,75.1,1,High Stress
2024-04-27 17:30:00,1050,100,21.1,86.1,1,High Stress
2024-04-27 17:45:00,1065,100,21.5,78.8,1,High Stress
2024-04-28 06:00:00,360,100,21.3,82.6,1,High Stress
2024-04-28 06:15:00,375,100,21.4,75.9,1,High Stress
2024-04-28 06:30:00,390,100,20.3,84.8,1,High Stress
2024-04-28 06:45:00,405,100,21.0,81.8,1,High Stress
2024-04-28 07:00:00,420,100,22.1,76.3,0,High Stress
2024-04-28 07:15:00,435,100,21.0,84.8,1,High Stress
2024-04-28 07:30:00,450,152,22.5,79.2,0,High Stress
2024-04-28 07:45:00,465,100,21.3,80.6,1,High Stress
2024-04-28 08:00:00,480,104,23.3,76.1,0,High Stress
2024-04-28 08:15:00,495,219,22.8,76.3,0,High Stress
2024-04-28 08:30:00,510,126,22.8,80.5,0,High Stress
2024-04-28 08:45:00,525,217,24.6,82.7,0,High Stress
2024-04-28 09:00:00,540,165,22.3,80.8,0,High Stress
2024-04-28 09:15:00,555,308,22.7,80.5,0,High Stress
2024-04-28 09:30:00,570,278,25.3,80.8,0,High Stress
2024-04-28 09:45:00,585,532,23.3,77.3,0,Moderate Stress
2024-04-28 10:00:00,600,477,24.1,77.5,0,Moderate Stress
2024-04-28 10:15:00,615,645,24.2,76.9,0,Healthy
2024-04-28 10:30:00,630,755,24.6,72.3,0,Healthy
2024-04-28 10:45:00,645,613,26.2,75.1,0,Healthy
2024-04-28 11:00:00,660,386,26.2,72.9,0,Moderate Stress
2024-04-28 11:15:00,675,620,24.9,76.8,0,Healthy
2024-04-28 11:30:00,690,805,24.3,79.2,0,Healthy
2024-04-28 11:45:00,705,942,23.7,83.7,0,Healthy
2024-04-28 12:00:00,720,1116,25.8,71.1,1,Healthy
2024-04-28 12:15:00,735,832,25.6,71.9,0,Healthy
2024-04-28 12:30:00,750,968,24.7,74.8,0,Healthy
2024-04-28 12:45:00,765,978,25.8,80.7,0,Healthy
2024-04-28 13:00:00,780,643,23.3,73.0,1,Healthy
2024-04-28 13:15:00,795,908,23.5,81.1,0,Healthy
2024-04-28 13:30:00,810,355,23.3,83.0,0,Moderate Stress
2024-04-28 13:45:00,825,671,25.7,81.2,0,Healthy
2024-04-28 14:00:00,840,570,22.8,75.3,0,Moderate Stress
2024-04-28 14:15:00,855,551,22.7,82.9,0,Moderate Stress
2024-04-28 14:30:00,870,416,24.5,82.7,0,Moderate Stress
2024-04-28 14:45:00,885,451,23.3,72.8,0,Moderate Stress
2024-04-28 15:00:00,900,363,24.8,77.2,0,Moderate Stress
2024-04-28 15:15:00,915,380,22.7,79.6,0,Moderate Stress
2024-04-28 15:30:00,930,100,22.7,79.9,0,High Stress
2024-04-28 15:45:00,945,137,23.0,83.0,0,High Stress
2024-04-28 16:00:00,960,139,21.9,80.5,1,High Stress
2024-04-28 16:15:00,975,100,23.3,74.8,1,High Stress
2024-04-28 16:30:00,990,100,21.2,86.0,0,High Stress
2024-04-28 16:45:00,1005,100,21.4,83.0,0,High Stress
2024-04-28 17:00:00,1020,100,21.3,78.8,1,High Stress
2024-04-28 17:15:00,1035,100,19.9,79.4,1,High Stress
2024-04-28 17:30:00,1050,122,20.4,80.4,1,High Stress
2024-04-28 17:45:00,1065,100,20.4,76.4,1,High Stress
2024-04-29 06:00:00,360,100,18.7,85.3,1,High Stress
2024-04-29 06:15:00,375,100,20.6,78.6,1,High Stress
2024-04-29 06:30:00,390,100,20.2,87.3,1,High Stress
2024-04-29 06:45:00,405,100,20.7,81.6,1,High Stress
2024-04-29 07:00:00,420,100,20.2,77.4,1,High Stress
2024-04-29 07:15:00,435,100,20.5,85.3,1,High Stress
2024-04-29 07:30:00,450,158,22.2,78.7,0,High Stress
2024-04-29 07:45:00,465,100,21.9,79.2,1,High Stress
2024-04-29 08:00:00,480,132,21.9,83.7,1,High Stress
2024-04-29 08:15:00,495,108,21.4,83.6,0,High Stress
2024-04-29 08:30:00,510,100,22.5,79.1,0,High Stress
2024-04-29 08:45:00,525,318,23.8,76.0,0,High Stress
2024-04-29 09:00:00,540,247,22.1,80.8,0,High Stress
2024-04-29 09:15:00,555,397,24.9,76.1,1,Moderate Stress
2024-04-29 09:30:00,570,425,22.5,76.0,0,Moderate Stress
2024-04-29 09:45:00,585,391,24.7,81.8,0,Moderate Stress
2024-04-29 10:00:00,600,655,23.9,73.7,0,Healthy
2024-04-29 10:15:00,615,761,24.5,81.6,0,Healthy
2024-04-29 10:30:00,630,844,25.5,80.2,0,Healthy
2024-04-29 10:45:00,645,764,23.5,75.4,0,Healthy
2024-04-29 11:00:00,660,383,23.6,73.0,1,Moderate Stress
2024-04-29 11:15:00,675,973,23.6,81.8,0,Healthy
2024-04-29 11:30:00,690,870,25.2,81.2,0,Healthy
2024-04-29 11:45:00,705,896,24.0,76.1,0,Healthy
2024-04-29 12:00:00,720,1118,25.2,78.0,0,Healthy
2024-04-29 12:15:00,735,867,25.8,77.1,0,Healthy
2024-04-29 12:30:00,750,910,25.6,75.9,1,Healthy
2024-04-29 12:45:00,765,1098,25.3,73.0,0,Healthy
2024-04-29 13:00:00,780,624,23.5,76.4,0,Healthy
2024-04-29 13:15:00,795,936,24.5,82.0,1,Healthy
2024-04-29 13:30:00,810,443,23.3,83.8,0,Moderate Stress
2024-04-29 13:45:00,825,387,23.9,78.7,0,Moderate Stress
2024-04-29 14:00:00,840,603,23.7,74.3,0,Healthy
2024-04-29 14:15:00,855,705,23.6,80.3,0,Healthy
2024-04-29 14:30:00,870,462,24.6,76.0,0,Moderate Stress
2024-04-29 14:45:00,885,357,24.5,72.3,0,Moderate Stress
2024-04-29 15:00:00,900,259,22.8,78.0,0,High Stress
2024-04-29 15:15:00,915,293,22.9,84.4,0,High Stress
2024-04-29 15:30:00,930,192,24.2,73.5,0,High Stress
2024-04-29 15:45:00,945,272,22.4,85.2,1,High Stress
2024-04-29 16:00:00,960,178,22.4,76.2,0,High Stress
2024-04-29 16:15:00,975,100,22.2,81.7,0,High Stress
2024-04-29 16:30:00,990,100,22.2,82.8,0,High Stress
2024-04-29 16:45:00,1005,100,20.3,79.6,0,High Stress
2024-04-29 17:00:00,1020,100,21.1,79.6,1,High Stress
2024-04-29 17:15:00,1035,100,19.8,87.2,1,High Stress
2024-04-29 17:30:00,1050,100,20.3,82.8,1,High Stress
2024-04-29 17:45:00,1065,100,21.1,84.2,1,High Stress
2024-04-30 06:00:00,360,100,20.6,78.0,1,High Stress
2024-04-30 06:15:00,375,100,21.6,81.1,1,High Stress
2024-04-30 06:30:00,390,100,20.7,78.6,1,High Stress
2024-04-30 06:45:00,405,100,22.4,79.9,0,High Stress
2024-04-30 07:00:00,420,100,22.5,84.4,0,High Stress
2024-04-30 07:15:00,435,100,22.5,76.3,0,High Stress
2024-04-30 07:30:00,450,100,21.7,83.6,1,High Stress
2024-04-30 07:45:00,465,135,23.1,79.7,0,High Stress
2024-04-30 08:00:00,480,167,22.2,74.3,0,High Stress
2024-04-30 08:15:00,495,100,23.9,75.3,0,High Stress
2024-04-30 08:30:00,510,148,23.5,78.4,0,High Stress
2024-04-30 08:45:00,525,372,22.4,82.6,0,Moderate Stress
2024-04-30 09:00:00,540,100,24.9,77.5,0,High Stress
2024-04-30 09:15:00,555,472,24.6,79.3,0,Moderate Stress
2024-04-30 09:30:00,570,404,25.1,82.2,0,Moderate Stress
2024-04-30 09:45:00,585,635,23.3,77.5,0,Healthy
2024-04-30 10:00:00,600,654,23.5,77.1,0,Healthy
2024-04-30 10:15:00,615,367,24.4,76.5,0,Moderate Stress
2024-04-30 10:30:00,630,584,23.6,75.0,0,Moderate Stress
2024-04-30 10:45:00,645,312,24.4,80.0,0,High Stress
2024-04-30 11:00:00,660,433,25.1,76.7,1,Moderate Stress
2024-04-30 11:15:00,675,1026,25.3,79.7,0,Healthy
2024-04-30 11:30:00,690,763,23.8,78.4,0,Healthy
2024-04-30 11:45:00,705,658,25.2,81.0,0,Healthy
2024-04-30 12:00:00,720,1019,25.2,80.3,0,Healthy
2024-04-30 12:15:00,735,1022,25.7,78.7,0,Healthy
2024-04-30 12:30:00,750,1109,26.1,72.5,0,Healthy
2024-04-30 12:45:00,765,863,24.7,70.9,0,Healthy
2024-04-30 13:00:00,780,807,26.1,76.8,0,Healthy
2024-04-30 13:15:00,795,806,23.5,74.6,0,Healthy
2024-04-30 13:30:00,810,737,24.0,82.0,0,Healthy
2024-04-30 13:45:00,825,742,25.3,74.3,0,Healthy
2024-04-30 14:00:00,840,172,24.8,71.2,0,High Stress
2024-04-30 14:15:00,855,507,24.7,71.8,0,Moderate Stress
2024-04-30 14:30:00,870,574,22.5,83.9,0,Moderate Stress
2024-04-30 14:45:00,885,435,22.7,82.0,1,Moderate Stress
2024-04-30 15:00:00,900,375,22.7,82.9,0,Moderate Stress
2024-04-30 15:15:00,915,164,23.3,80.5,0,High Stress
2024-04-30 15:30:00,930,100,24.2,79.4,0,High Stress
2024-04-30 15:45:00,945,109,22.9,78.7,0,High Stress
2024-04-30 16:00:00,960,149,21.7,82.9,0,High Stress
2024-04-30 16:15:00,975,100,22.6,75.6,0,High Stress
2024-04-30 16:30:00,990,100,23.3,74.3,0,High Stress
2024-04-30 16:45:00,1005,103,20.8,78.1,1,High Stress
2024-04-30 17:00:00,1020,100,22.7,84.3,0,High Stress
2024-04-30 17:15:00,1035,100,20.3,82.1,1,High Stress
2024-04-30 17:30:00,1050,100,20.4,75.6,1,High Stress
2024-04-30 17:45:00,1065,100,21.5,85.1,1,High Stress
